ma_block,ma_cot,ma_tang,ma_pallet,ma_ke,pallet_in,hanh_dong,user_id,last_time
-,-,-,-,-,-,NULL,NULL,NULL
A,1,1,1,A11/1,"p_722 ",NULL,NULL,NULL
A,1,1,2,A11/2,P_1181,NULL,NULL,NULL
A,1,2,1,A12/1,-,NULL,NULL,2024-08-14 15:43:30.897
A,1,2,2,A12/2,-,NULL,NULL,2024-08-14 15:46:38.953
A,1,3,1,A13/1,-,NULL,NULL,NULL
A,1,3,2,A13/2,-,NULL,NULL,NULL
A,1,4,1,A14/1,-,NULL,NULL,NULL
A,1,4,2,A14/2,-,NULL,NULL,NULL
A,1,5,1,A15/1,-,NULL,NULL,2024-08-14 15:21:01.543
A,1,5,2,A15/2,-,NULL,NULL,NULL
A,2,1,1,A21/1,"p_973  ",NULL,NULL,NULL
A,2,1,2,A21/2,"p_791 ",NULL,NULL,NULL
A,2,2,1,A22/1,"p_757 ",NULL,NULL,NULL
A,2,2,2,A22/2,P_1231,NULL,NULL,NULL
A,2,3,1,A23/1,-,NULL,NULL,NULL
A,2,3,2,A23/2,P_1240,NULL,NULL,NULL
A,2,4,1,A24/1,-,NULL,NULL,NULL
A,2,4,2,A24/2,-,NULL,NULL,NULL
A,2,5,1,A25/1,P_134,NULL,NULL,NULL
A,2,5,2,A25/2,P_79,NULL,NULL,NULL
A,3,1,1,A31/1,"p_972 ",NULL,NULL,NULL
A,3,1,2,A31/2,-,NULL,NULL,NULL
A,3,2,1,A32/1,"P_1040 ",NULL,NULL,NULL
A,3,2,2,A32/2,"p_1044 ",NULL,NULL,NULL
A,3,3,1,A33/1,-,NULL,NULL,NULL
A,3,3,2,A33/2,-,NULL,NULL,NULL
A,3,4,1,A34/1,"p_82 ",NULL,NULL,NULL
A,3,4,2,A34/2,-,NULL,NULL,NULL
A,3,5,1,A35/1,-,NULL,NULL,NULL
A,3,5,2,A35/2,-,NULL,NULL,NULL
A,4,1,1,A41/1,-,NULL,NULL,NULL
A,4,1,2,A41/2,-,NULL,NULL,NULL
A,4,2,1,A42/1,"p_66  ",NULL,NULL,NULL
A,4,2,2,A42/2,P_20,NULL,NULL,NULL
A,4,3,1,A43/1,-,NULL,NULL,NULL
A,4,3,2,A43/2,-,NULL,NULL,NULL
A,4,4,1,A44/1,-,NULL,NULL,NULL
A,4,4,2,A44/2,-,NULL,NULL,NULL
A,4,5,1,A45/1,-,NULL,NULL,NULL
A,4,5,2,A45/2,-,NULL,NULL,NULL
A,5,1,1,A51/1,-,NULL,NULL,NULL
A,5,1,2,A51/2,-,NULL,NULL,NULL
A,5,2,1,A52/1,"p_880 ",NULL,NULL,NULL
A,5,2,2,A52/2,-,NULL,NULL,NULL
A,5,3,1,A53/1,-,NULL,NULL,NULL
A,5,3,2,A53/2,"p_54 ",NULL,NULL,NULL
A,5,4,1,A54/1,"P_540 ",NULL,NULL,NULL
A,5,4,2,A54/2,"p_524 ",NULL,NULL,NULL
A,5,5,1,A55/1,-,NULL,NULL,NULL
A,5,5,2,A55/2,"p_240 ",NULL,NULL,NULL
A,6,1,1,A61/1,-,NULL,NULL,NULL
A,6,1,2,A61/2,-,NULL,NULL,NULL
A,6,2,1,A62/1,"p_539  ",NULL,NULL,NULL
A,6,2,2,A62/2,-,NULL,NULL,NULL
A,6,3,1,A63/1,"P_212 ",NULL,NULL,NULL
A,6,3,2,A63/2,P_208,NULL,NULL,NULL
A,6,4,1,A64/1,"P_781 ",NULL,NULL,NULL
A,6,4,2,A64/2,-,NULL,NULL,NULL
A,6,5,1,A65/1,"p_528  ",NULL,NULL,NULL
A,6,5,2,A65/2,p_493,NULL,NULL,NULL
B,1,1,1,B11/1,P_889,NULL,NULL,NULL
B,1,1,2,B11/2,"P_794 ",NULL,NULL,NULL
B,1,2,1,B12/1,"p_978 ",NULL,NULL,NULL
B,1,2,2,B12/2,"p_501 ",NULL,NULL,NULL
B,1,3,1,B13/1,-,NULL,NULL,NULL
B,1,3,2,B13/2,-,NULL,NULL,NULL
B,1,4,1,B14/1,-,NULL,NULL,NULL
B,1,4,2,B14/2,-,NULL,NULL,NULL
B,1,5,1,B15/1,p_274,NULL,NULL,NULL
B,1,5,2,B15/2,P_744,NULL,NULL,NULL
B,2,1,1,B21/1,"p_587  ",NULL,NULL,NULL
B,2,1,2,B21/2,"p_600  ",NULL,NULL,NULL
B,2,2,1,B22/1,"P_564 ",NULL,NULL,NULL
B,2,2,2,B22/2,"p_745 ",NULL,NULL,NULL
B,2,3,1,B23/1,"P_936 ",NULL,NULL,NULL
B,2,3,2,B23/2,-,NULL,NULL,NULL
B,2,4,1,B24/1,"p_676 ",NULL,NULL,NULL
B,2,4,2,B24/2,-,NULL,NULL,NULL
B,2,5,1,B25/1,"p_763 ",NULL,NULL,NULL
B,2,5,2,B25/2,"p_1072 ",NULL,NULL,NULL
B,3,1,1,B31/1,"p_601  ",NULL,NULL,NULL
B,3,1,2,B31/2,P_602,NULL,NULL,NULL
B,3,2,1,B32/1,p_172,NULL,NULL,NULL
B,3,2,2,B32/2,"p_991  ",NULL,NULL,NULL
B,3,3,1,B33/1,-,NULL,NULL,NULL
B,3,3,2,B33/2,-,NULL,NULL,NULL
B,3,4,1,B34/1,-,NULL,NULL,NULL
B,3,4,2,B34/2,-,NULL,NULL,NULL
B,3,5,1,B35/1,"p_627 ",NULL,NULL,NULL
B,3,5,2,B35/2,-,NULL,NULL,NULL
B,4,1,1,B41/1,"p_603  ",NULL,NULL,NULL
B,4,1,2,B41/2,"p_604  ",NULL,NULL,NULL
B,4,2,1,B42/1,"p_751  ",NULL,NULL,NULL
B,4,2,2,B42/2,"p_1063 ",NULL,NULL,NULL
B,4,3,1,B43/1,-,NULL,NULL,NULL
B,4,3,2,B43/2,-,NULL,NULL,NULL
B,4,4,1,B44/1,-,NULL,NULL,NULL
B,4,4,2,B44/2,-,NULL,NULL,NULL
B,4,5,1,B45/1,-,NULL,NULL,NULL
B,4,5,2,B45/2,P_94,NULL,NULL,NULL
B,5,1,1,B51/1,"p_1242  ",NULL,NULL,NULL
B,5,1,2,B51/2,"p_1061  ",NULL,NULL,NULL
B,5,2,1,B52/1,"p_536  ",NULL,NULL,NULL
B,5,2,2,B52/2,"P_768 ",NULL,NULL,NULL
B,5,3,1,B53/1,-,NULL,NULL,NULL
B,5,3,2,B53/2,-,NULL,NULL,NULL
B,5,4,1,B54/1,-,NULL,NULL,NULL
B,5,4,2,B54/2,"P_64 ",NULL,NULL,NULL
B,5,5,1,B55/1,-,NULL,NULL,NULL
B,5,5,2,B55/2,"p_868 ",NULL,NULL,NULL
B,6,1,1,B61/1,"p_1062  ",NULL,NULL,NULL
B,6,1,2,B61/2,"p_947 ",NULL,NULL,NULL
B,6,2,1,B62/1,"p_586 ",NULL,NULL,NULL
B,6,2,2,B62/2,-,NULL,NULL,NULL
B,6,3,1,B63/1,"p_903 ",NULL,NULL,NULL
B,6,3,2,B63/2,-,NULL,NULL,NULL
B,6,4,1,B64/1,"p_522 ",NULL,NULL,NULL
B,6,4,2,B64/2,-,NULL,NULL,NULL
B,6,5,1,B65/1,-,NULL,NULL,NULL
B,6,5,2,B65/2,-,NULL,NULL,NULL
C,1,1,1,C11/1,"p_682  ",NULL,NULL,NULL
C,1,1,2,C11/2,"p_1011 ",NULL,NULL,NULL
C,1,2,1,C12/1,"p_911 ",NULL,NULL,NULL
C,1,2,2,C12/2,p_981,NULL,NULL,NULL
C,1,3,1,C13/1,-,NULL,NULL,NULL
C,1,3,2,C13/2,"P_748 ",NULL,NULL,NULL
C,1,4,1,C14/1,-,NULL,NULL,NULL
C,1,4,2,C14/2,-,NULL,NULL,NULL
C,1,5,1,C15/1,-,NULL,NULL,NULL
C,1,5,2,C15/2,-,NULL,NULL,NULL
C,2,1,1,C21/1,"p_847 ",NULL,NULL,NULL
C,2,1,2,C21/2,"P_487 ",NULL,NULL,NULL
C,2,2,1,C22/1,"p_976 ",NULL,NULL,NULL
C,2,2,2,C22/2,p_570,NULL,NULL,NULL
C,2,3,1,C23/1,-,NULL,NULL,NULL
C,2,3,2,C23/2,p_1225,NULL,NULL,NULL
C,2,4,1,C24/1,"p_944  ",NULL,NULL,NULL
C,2,4,2,C24/2,-,NULL,NULL,NULL
C,2,5,1,C25/1,-,NULL,NULL,NULL
C,2,5,2,C25/2,-,NULL,NULL,NULL
C,3,1,1,C31/1,"p_187  ",NULL,NULL,NULL
C,3,1,2,C31/2,"p_804  ",NULL,NULL,NULL
C,3,2,1,C32/1,"p_565 ",NULL,NULL,NULL
C,3,2,2,C32/2,"p_941 ",NULL,NULL,NULL
C,3,3,1,C33/1,-,NULL,NULL,NULL
C,3,3,2,C33/2,-,NULL,NULL,NULL
C,3,4,1,C34/1,-,NULL,NULL,NULL
C,3,4,2,C34/2,-,NULL,NULL,NULL
C,3,5,1,C35/1,-,NULL,NULL,NULL
C,3,5,2,C35/2,-,NULL,NULL,NULL
C,4,1,1,C41/1,P_999,NULL,NULL,NULL
C,4,1,2,C41/2,"P_644 ",NULL,NULL,NULL
C,4,2,1,C42/1,p_770,NULL,NULL,NULL
C,4,2,2,C42/2,p_821,NULL,NULL,NULL
C,4,3,1,C43/1,-,NULL,NULL,NULL
C,4,3,2,C43/2,-,NULL,NULL,NULL
C,4,4,1,C44/1,-,NULL,NULL,NULL
C,4,4,2,C44/2,-,NULL,NULL,NULL
C,4,5,1,C45/1,-,NULL,NULL,NULL
C,4,5,2,C45/2,-,NULL,NULL,NULL
C,5,1,1,C51/1,-,NULL,NULL,NULL
C,5,1,2,C51/2,"P_176  ",NULL,NULL,NULL
C,5,2,1,C52/1,"p_939 ",NULL,NULL,NULL
C,5,2,2,C52/2,-,NULL,NULL,NULL
C,5,3,1,C53/1,-,NULL,NULL,NULL
C,5,3,2,C53/2,-,NULL,NULL,NULL
C,5,4,1,C54/1,-,NULL,NULL,NULL
C,5,4,2,C54/2,-,NULL,NULL,NULL
C,5,5,1,C55/1,-,NULL,NULL,NULL
C,5,5,2,C55/2,-,NULL,NULL,NULL
C,6,1,1,C61/1,-,NULL,NULL,NULL
C,6,1,2,C61/2,-,NULL,NULL,NULL
C,6,2,1,C62/1,-,NULL,NULL,NULL
C,6,2,2,C62/2,-,NULL,NULL,NULL
C,6,3,1,C63/1,-,NULL,NULL,NULL
C,6,3,2,C63/2,-,NULL,NULL,NULL
C,6,4,1,C64/1,-,NULL,NULL,NULL
C,6,4,2,C64/2,-,NULL,NULL,NULL
C,6,5,1,C65/1,-,NULL,NULL,NULL
C,6,5,2,C65/2,-,NULL,NULL,NULL
D,1,1,1,D11/1,"p_1014 ",NULL,NULL,NULL
D,1,1,2,D11/2,"p_710 ",NULL,NULL,NULL
D,1,2,1,D12/1,"p_1054  ",NULL,NULL,NULL
D,1,2,2,D12/2,"p_1237 ",NULL,NULL,NULL
D,1,3,1,D13/1,P_1045,NULL,NULL,NULL
D,1,3,2,D13/2,P_1165,NULL,NULL,NULL
D,1,4,1,D14/1,-,NULL,NULL,NULL
D,1,4,2,D14/2,-,NULL,NULL,NULL
D,1,5,1,D15/1,"p_1051 ",NULL,NULL,NULL
D,1,5,2,D15/2,"p_175 ",NULL,NULL,NULL
D,2,1,1,D21/1,"p_818  ",NULL,NULL,NULL
D,2,1,2,D21/2,"p_810  ",NULL,NULL,NULL
D,2,2,1,D22/1,"P_150 ",NULL,NULL,NULL
D,2,2,2,D22/2,"p_986 ",NULL,NULL,NULL
D,2,3,1,D23/1,-,NULL,NULL,NULL
D,2,3,2,D23/2,-,NULL,NULL,NULL
D,2,4,1,D24/1,P_526,NULL,NULL,NULL
D,2,4,2,D24/2,-,NULL,NULL,NULL
D,2,5,1,D25/1,P_866,NULL,NULL,NULL
D,2,5,2,D25/2,"p_1016  ",NULL,NULL,NULL
D,3,1,1,D31/1,"p_273 ",NULL,NULL,NULL
D,3,1,2,D31/2,"p_617  ",NULL,NULL,NULL
D,3,2,1,D32/1,"P_496 ",NULL,NULL,NULL
D,3,2,2,D32/2,"P_165 ",NULL,NULL,NULL
D,3,3,1,D33/1,-,NULL,NULL,NULL
D,3,3,2,D33/2,-,NULL,NULL,NULL
D,3,4,1,D34/1,-,NULL,NULL,NULL
D,3,4,2,D34/2,-,NULL,NULL,NULL
D,3,5,1,D35/1,-,NULL,NULL,NULL
D,3,5,2,D35/2,"P_1041 ",NULL,NULL,NULL
D,4,1,1,D41/1,"p_144 ",NULL,NULL,NULL
D,4,1,2,D41/2,"P_543 ",NULL,NULL,NULL
D,4,2,1,D42/1,"p_812  ",NULL,NULL,NULL
D,4,2,2,D42/2,"p_91   ",NULL,NULL,NULL
D,4,3,1,D43/1,-,NULL,NULL,NULL
D,4,3,2,D43/2,-,NULL,NULL,NULL
D,4,4,1,D44/1,-,NULL,NULL,NULL
D,4,4,2,D44/2,-,NULL,NULL,NULL
D,4,5,1,D45/1,"p_52  ",NULL,NULL,NULL
D,4,5,2,D45/2,"p_796 ",NULL,NULL,NULL
D,5,1,1,D51/1,"P_23 ",NULL,NULL,NULL
D,5,1,2,D51/2,"p_896  ",NULL,NULL,NULL
D,5,2,1,D52/1,"p_852 ",NULL,NULL,NULL
D,5,2,2,D52/2,"p_857  ",NULL,NULL,NULL
D,5,3,1,D53/1,-,NULL,NULL,NULL
D,5,3,2,D53/2,-,NULL,NULL,NULL
D,5,4,1,D54/1,P_795,NULL,NULL,NULL
D,5,4,2,D54/2,-,NULL,NULL,NULL
D,5,5,1,D55/1,"p_217  ",NULL,NULL,NULL
D,5,5,2,D55/2,"P_748 ",NULL,NULL,NULL
D,6,1,1,D61/1,"p_636 ",NULL,NULL,NULL
D,6,1,2,D61/2,"p_807 ",NULL,NULL,NULL
D,6,2,1,D62/1,"p_949  ",NULL,NULL,NULL
D,6,2,2,D62/2,"p_715 ",NULL,NULL,NULL
D,6,3,1,D63/1,-,NULL,NULL,NULL
D,6,3,2,D63/2,-,NULL,NULL,NULL
D,6,4,1,D64/1,-,NULL,NULL,NULL
D,6,4,2,D64/2,-,NULL,NULL,NULL
D,6,5,1,D65/1,-,NULL,NULL,NULL
D,6,5,2,D65/2,P_866,NULL,NULL,NULL
E,1,1,1,E11/1,"p_817  ",NULL,NULL,NULL
E,1,1,2,E11/2,"p_211  ",NULL,NULL,NULL
E,1,2,1,E12/1,-,NULL,NULL,NULL
E,1,2,2,E12/2,"P_1055 ",NULL,NULL,NULL
E,1,3,1,E13/1,-,NULL,NULL,NULL
E,1,3,2,E13/2,-,NULL,NULL,NULL
E,1,4,1,E14/1,-,NULL,NULL,NULL
E,1,4,2,E14/2,-,NULL,NULL,NULL
E,1,5,1,E15/1,-,NULL,NULL,NULL
E,1,5,2,E15/2,-,NULL,NULL,NULL
E,2,1,1,E21/1,P_845,NULL,NULL,NULL
E,2,1,2,E21/2,p_257,NULL,NULL,NULL
E,2,2,1,E22/1,"p_531 ",NULL,NULL,NULL
E,2,2,2,E22/2,"p_81 ",NULL,NULL,NULL
E,2,3,1,E23/1,-,NULL,NULL,NULL
E,2,3,2,E23/2,-,NULL,NULL,NULL
E,2,4,1,E24/1,-,NULL,NULL,NULL
E,2,4,2,E24/2,-,NULL,NULL,NULL
E,2,5,1,E25/1,-,NULL,NULL,NULL
E,2,5,2,E25/2,"p_837 ",NULL,NULL,NULL
E,3,1,1,E31/1,p_802,NULL,NULL,NULL
E,3,1,2,E31/2,"p_56 ",NULL,NULL,NULL
E,3,2,1,E32/1,-,NULL,NULL,NULL
E,3,2,2,E32/2,-,NULL,NULL,NULL
E,3,3,1,E33/1,-,NULL,NULL,NULL
E,3,3,2,E33/2,"p_247 ",NULL,NULL,NULL
E,3,4,1,E34/1,-,NULL,NULL,NULL
E,3,4,2,E34/2,-,NULL,NULL,NULL
E,3,5,1,E35/1,-,NULL,NULL,NULL
E,3,5,2,E35/2,-,NULL,NULL,NULL
E,4,1,1,E41/1,"p_809 ",NULL,NULL,NULL
E,4,1,2,E41/2,"P_67  ",NULL,NULL,NULL
E,4,2,1,E42/1,P_1068,NULL,NULL,NULL
E,4,2,2,E42/2,-,NULL,NULL,NULL
E,4,3,1,E43/1,-,NULL,NULL,NULL
E,4,3,2,E43/2,-,NULL,NULL,NULL
E,4,4,1,E44/1,-,NULL,NULL,NULL
E,4,4,2,E44/2,-,NULL,NULL,NULL
E,4,5,1,E45/1,-,NULL,NULL,NULL
E,4,5,2,E45/2,-,NULL,NULL,NULL
E,5,1,1,E51/1,"p_558 ",NULL,NULL,NULL
E,5,1,2,E51/2,"P_956 ",NULL,NULL,NULL
E,5,2,1,E52/1,"P_88 ",NULL,NULL,NULL
E,5,2,2,E52/2,"p_1227  ",NULL,NULL,NULL
E,5,3,1,E53/1,"P_609 ",NULL,NULL,NULL
E,5,3,2,E53/2,"P_1070  ",NULL,NULL,NULL
E,5,4,1,E54/1,-,NULL,NULL,NULL
E,5,4,2,E54/2,-,NULL,NULL,NULL
E,5,5,1,E55/1,-,NULL,NULL,NULL
E,5,5,2,E55/2,-,NULL,NULL,NULL
E,6,1,1,E61/1,"P_954 ",NULL,NULL,NULL
E,6,1,2,E61/2,"p_506 ",NULL,NULL,NULL
E,6,2,1,E62/1,P_1056,NULL,NULL,NULL
E,6,2,2,E62/2,"P_969 ",NULL,NULL,NULL
E,6,3,1,E63/1,-,NULL,NULL,NULL
E,6,3,2,E63/2,-,NULL,NULL,NULL
E,6,4,1,E64/1,-,NULL,NULL,NULL
E,6,4,2,E64/2,-,NULL,NULL,NULL
E,6,5,1,E65/1,P_1170,NULL,NULL,NULL
E,6,5,2,E65/2,-,NULL,NULL,NULL
F,1,1,1,F11/1,p_677,NULL,NULL,NULL
F,1,1,2,F11/2,"p_675 ",NULL,NULL,NULL
F,1,2,1,F12/1,"p_1191  ",NULL,NULL,NULL
F,1,2,2,F12/2,"p_1190  ",NULL,NULL,NULL
F,1,3,1,F13/1,-,NULL,NULL,NULL
F,1,3,2,F13/2,"p_1189  ",NULL,NULL,NULL
F,1,4,1,F14/1,"p_1186 ",NULL,NULL,NULL
F,1,4,2,F14/2,"p_1185  ",NULL,NULL,NULL
F,1,5,1,F15/1,P_850,NULL,NULL,NULL
F,1,5,2,F15/2,-,NULL,NULL,NULL
F,2,1,1,F21/1,"p_1176  ",NULL,NULL,NULL
F,2,1,2,F21/2,"p_18  ",NULL,NULL,NULL
F,2,2,1,F22/1,-,NULL,NULL,NULL
F,2,2,2,F22/2,P_801,NULL,NULL,NULL
F,2,3,1,F23/1,"P_882 ",NULL,NULL,NULL
F,2,3,2,F23/2,-,NULL,NULL,NULL
F,2,4,1,F24/1,"p_968 ",NULL,NULL,NULL
F,2,4,2,F24/2,"P_533 ",NULL,NULL,NULL
F,2,5,1,F25/1,"P_476 ",NULL,NULL,NULL
F,2,5,2,F25/2,P_86,NULL,NULL,NULL
F,3,1,1,F31/1,"P_1233 ",NULL,NULL,NULL
F,3,1,2,F31/2,"p_663  ",NULL,NULL,NULL
F,3,2,1,F32/1,"p_1168 ",NULL,NULL,NULL
F,3,2,2,F32/2,-,NULL,NULL,NULL
F,3,3,1,F33/1,-,NULL,NULL,NULL
F,3,3,2,F33/2,"p_133   ",NULL,NULL,NULL
F,3,4,1,F34/1,"P_1179 ",NULL,NULL,NULL
F,3,4,2,F34/2,-,NULL,NULL,NULL
F,3,5,1,F35/1,-,NULL,NULL,NULL
F,3,5,2,F35/2,"p_556 ",NULL,NULL,NULL
F,4,1,1,F41/1,"p_688 ",NULL,NULL,NULL
F,4,1,2,F41/2,P_822,NULL,NULL,NULL
F,4,2,1,F42/1,"P_1221 ",NULL,NULL,NULL
F,4,2,2,F42/2,p_1222,NULL,NULL,NULL
F,4,3,1,F43/1,"p_552 ",NULL,NULL,NULL
F,4,3,2,F43/2,-,NULL,NULL,NULL
F,4,4,1,F44/1,-,NULL,NULL,NULL
F,4,4,2,F44/2,-,NULL,NULL,NULL
F,4,5,1,F45/1,"p_702 ",NULL,NULL,NULL
F,4,5,2,F45/2,"P_171 ",NULL,NULL,NULL
F,5,1,1,F51/1,P_642,NULL,NULL,NULL
F,5,1,2,F51/2,"P_160 ",NULL,NULL,NULL
F,5,2,1,F52/1,"P_823 ",NULL,NULL,NULL
F,5,2,2,F52/2,"p_698  ",NULL,NULL,NULL
F,5,3,1,F53/1,-,NULL,NULL,NULL
F,5,3,2,F53/2,-,NULL,NULL,NULL
F,5,4,1,F54/1,-,NULL,NULL,NULL
F,5,4,2,F54/2,-,NULL,NULL,NULL
F,5,5,1,F55/1,-,NULL,NULL,NULL
F,5,5,2,F55/2,"p_255 ",NULL,NULL,NULL
F,6,1,1,F61/1,P_213,NULL,NULL,NULL
F,6,1,2,F61/2,P_1228,NULL,NULL,NULL
F,6,2,1,F62/1,"p_697  ",NULL,NULL,NULL
F,6,2,2,F62/2,P_1223,NULL,NULL,NULL
F,6,3,1,F63/1,-,NULL,NULL,NULL
F,6,3,2,F63/2,-,NULL,NULL,NULL
F,6,4,1,F64/1,-,NULL,NULL,NULL
F,6,4,2,F64/2,"p_1184  ",NULL,NULL,NULL
F,6,5,1,F65/1,"p_525 ",NULL,NULL,NULL
F,6,5,2,F65/2,-,NULL,NULL,NULL
G,1,1,1,G11/1,"p_162  ",NULL,NULL,NULL
G,1,1,2,G11/2,"p_820 ",NULL,NULL,NULL
G,1,2,1,G12/1,-,NULL,NULL,NULL
G,1,2,2,G12/2,-,NULL,NULL,NULL
G,1,3,1,G13/1,-,NULL,NULL,NULL
G,1,3,2,G13/2,"p_1038 ",NULL,NULL,NULL
G,1,4,1,G14/1,-,NULL,NULL,NULL
G,1,4,2,G14/2,-,NULL,NULL,NULL
G,1,5,1,G15/1,-,NULL,NULL,NULL
G,1,5,2,G15/2,-,NULL,NULL,NULL
G,2,1,1,G21/1,-,NULL,NULL,NULL
G,2,1,2,G21/2,-,NULL,NULL,NULL
G,2,2,1,G22/1,-,NULL,NULL,NULL
G,2,2,2,G22/2,-,NULL,NULL,NULL
G,2,3,1,G23/1,"P_950 ",NULL,NULL,NULL
G,2,3,2,G23/2,P_155,NULL,NULL,NULL
G,2,4,1,G24/1,"p_1244 ",NULL,NULL,NULL
G,2,4,2,G24/2,-,NULL,NULL,NULL
G,2,5,1,G25/1,-,NULL,NULL,NULL
G,2,5,2,G25/2,-,NULL,NULL,NULL
G,3,1,1,G31/1,-,NULL,NULL,NULL
G,3,1,2,G31/2,-,NULL,NULL,NULL
G,3,2,1,G32/1,-,NULL,NULL,NULL
G,3,2,2,G32/2,-,NULL,NULL,NULL
G,3,3,1,G33/1,-,NULL,NULL,NULL
G,3,3,2,G33/2,-,NULL,NULL,NULL
G,3,4,1,G34/1,-,NULL,NULL,NULL
G,3,4,2,G34/2,-,NULL,NULL,NULL
G,3,5,1,G35/1,-,NULL,NULL,NULL
G,3,5,2,G35/2,-,NULL,NULL,NULL
G,4,1,1,G41/1,-,NULL,NULL,NULL
G,4,1,2,G41/2,-,NULL,NULL,NULL
G,4,2,1,G42/1,-,NULL,NULL,NULL
G,4,2,2,G42/2,-,NULL,NULL,NULL
G,4,3,1,G43/1,-,NULL,NULL,NULL
G,4,3,2,G43/2,-,NULL,NULL,NULL
G,4,4,1,G44/1,-,NULL,NULL,NULL
G,4,4,2,G44/2,-,NULL,NULL,NULL
G,4,5,1,G45/1,-,NULL,NULL,NULL
G,4,5,2,G45/2,-,NULL,NULL,NULL
G,5,1,1,G51/1,-,NULL,NULL,NULL
G,5,1,2,G51/2,-,NULL,NULL,NULL
G,5,2,1,G52/1,-,NULL,NULL,NULL
G,5,2,2,G52/2,-,NULL,NULL,NULL
G,5,3,1,G53/1,-,NULL,NULL,NULL
G,5,3,2,G53/2,-,NULL,NULL,NULL
G,5,4,1,G54/1,-,NULL,NULL,NULL
G,5,4,2,G54/2,-,NULL,NULL,NULL
G,5,5,1,G55/1,-,NULL,NULL,NULL
G,5,5,2,G55/2,-,NULL,NULL,NULL
G,6,1,1,G61/1,-,NULL,NULL,NULL
G,6,1,2,G61/2,-,NULL,NULL,NULL
G,6,2,1,G62/1,-,NULL,NULL,NULL
G,6,2,2,G62/2,-,NULL,NULL,NULL
G,6,3,1,G63/1,-,NULL,NULL,NULL
G,6,3,2,G63/2,-,NULL,NULL,NULL
G,6,4,1,G64/1,-,NULL,NULL,NULL
G,6,4,2,G64/2,-,NULL,NULL,NULL
G,6,5,1,G65/1,-,NULL,NULL,NULL
G,6,5,2,G65/2,-,NULL,NULL,NULL
H,1,1,1,H01,"P_724 ",NULL,NULL,NULL
H,2,1,1,H02,P_723,NULL,NULL,NULL
H,3,1,1,H03,"p_725 ",NULL,NULL,NULL
H,4,1,1,H04,"p_726 ",NULL,NULL,NULL
H,5,1,1,H05,"p_727 ",NULL,NULL,NULL
H,6,1,1,H06,"p_728  ",NULL,NULL,NULL
H,7,1,1,H07,"p_1192 ",NULL,NULL,NULL
H,8,1,1,H08,"p_73  ",NULL,NULL,NULL
H,9,1,1,H09,"p_730 ",NULL,NULL,NULL
H,10,1,1,H10,"p_731 ",NULL,NULL,NULL
H,11,1,1,H11,"p_732 ",NULL,NULL,NULL
H,12,1,1,H12,"p_465 ",NULL,NULL,NULL
K,1,1,NULL,K01,"P_466 ",NULL,NULL,NULL
K,2,1,NULL,K02,"P_467 ",NULL,NULL,NULL
K,3,1,NULL,K03,P_468,NULL,NULL,NULL
K,4,1,NULL,K04,"P_469 ",NULL,NULL,NULL
K,5,1,NULL,K05,p_1182,NULL,NULL,NULL
K,6,1,NULL,K06,"p_47 ",NULL,NULL,NULL
K,7,1,NULL,K07,"p_605 ",NULL,NULL,NULL
K,8,1,NULL,K08,"p_733 ",NULL,NULL,NULL
K,9,1,NULL,K09,P_836,NULL,NULL,NULL
K,10,1,NULL,K10,"p_472 ",NULL,NULL,NULL
K,11,1,NULL,K11,"p_758 ",NULL,NULL,NULL
K,12,1,NULL,K12,"p_470 ",NULL,NULL,NULL
L,1,1,NULL,L01,"p_1208 ",NULL,NULL,NULL
L,2,1,NULL,L02,"p_1207 ",NULL,NULL,NULL
L,3,1,NULL,L03,"p_1206 ",NULL,NULL,NULL
L,4,1,NULL,L04,"P_1042 ",NULL,NULL,NULL
L,5,1,NULL,L05,"p_252 ",NULL,NULL,NULL
L,6,1,NULL,L06,"p_1205 ",NULL,NULL,NULL
L,7,1,NULL,L07,"p_1204 ",NULL,NULL,NULL
L,8,1,NULL,L08,"p_1203 ",NULL,NULL,NULL
L,9,1,NULL,L09,"p_1202 ",NULL,NULL,NULL
L,10,1,NULL,L10,"p_1200 ",NULL,NULL,NULL
L,11,1,NULL,L11,"p_1193 ",NULL,NULL,NULL
L,12,1,NULL,L12,"p_1199 ",NULL,NULL,NULL
L,13,1,NULL,L13,"p_1198 ",NULL,NULL,NULL
L,14,1,NULL,L14,"p_1196 ",NULL,NULL,NULL
L,15,1,NULL,L15,"p_1195 ",NULL,NULL,NULL
L,16,1,NULL,L16,"p_1194 ",NULL,NULL,NULL
M,1,1,NULL,M01,p_78,NULL,NULL,NULL
M,2,1,NULL,M02,"p_703 ",NULL,NULL,NULL
M,3,1,NULL,M03,"p_704 ",NULL,NULL,NULL
M,4,1,NULL,M04,"p_705 ",NULL,NULL,NULL
M,5,1,NULL,M05,"p_1212 ",NULL,NULL,NULL
M,6,1,NULL,M06,"p_707 ",NULL,NULL,NULL
M,7,1,NULL,M07,"P_749 ",NULL,NULL,NULL
M,8,1,NULL,M08,p_588,NULL,NULL,NULL
M,9,1,NULL,M09,"P_589  ",NULL,NULL,NULL
M,10,1,NULL,M10,"P_59  ",NULL,NULL,NULL
M,11,1,NULL,M11,"P_590 ",NULL,NULL,NULL
M,12,1,NULL,M12,"P_591 ",NULL,NULL,NULL
M,13,1,NULL,M13,"P_592 ",NULL,NULL,NULL
M,14,1,NULL,M14,"P_593  ",NULL,NULL,NULL
M,15,1,NULL,M15,"P_594 ",NULL,NULL,NULL
M,16,1,NULL,M16,"P_595  ",NULL,NULL,NULL
M,17,1,NULL,M17,"P_596  ",NULL,NULL,NULL
M,18,1,NULL,M18,"P_597  ",NULL,NULL,NULL
M,19,1,NULL,M19,"P_598  ",NULL,NULL,NULL
M,20,1,NULL,M20,"p_599  ",NULL,NULL,NULL
M,21,1,NULL,M21,p_834,NULL,NULL,NULL
M,22,1,NULL,M22,"p_833  ",NULL,NULL,NULL
N,1,1,NULL,N01,"p_828  ",NULL,NULL,NULL
N,2,1,NULL,N02,"P_827 ",NULL,NULL,NULL
N,3,1,NULL,N03,"p_829  ",NULL,NULL,NULL
N,4,1,NULL,N04,"p_83  ",NULL,NULL,NULL
N,5,1,NULL,N05,P_846,NULL,NULL,NULL
N,6,1,NULL,N06,P_824,NULL,NULL,NULL
N,7,1,NULL,N07,"p_830  ",NULL,NULL,NULL
N,8,1,NULL,N08,"p_831  ",NULL,NULL,NULL
N,9,1,NULL,N09,p_832,NULL,NULL,NULL
T,1,1,NULL,T1,-,NULL,NULL,NULL
T,2,1,NULL,T2,P_218,NULL,NULL,NULL
T,3,1,NULL,T3,"P_1019 ",NULL,NULL,NULL
T,4,1,NULL,T4,P_1047,NULL,NULL,NULL
T,5,1,NULL,T5,-,NULL,NULL,NULL
T,6,1,NULL,T6,-,NULL,NULL,NULL
T,7,1,NULL,T7,-,NULL,NULL,NULL
