ma_pallet,ma_trangthai,ma_ke,time_cre,co_su_dung
-,0,F54/1,2024-08-15 13:04:41.000,1
p_1,0,NULL,2024-08-08 11:45:28.973,1
p_10,0,NULL,2024-08-08 11:45:28.973,1
p_100,0,NULL,2024-08-08 11:45:28.973,1
p_1000,0,NULL,2024-08-08 11:45:28.973,1
p_1001,0,B45/2,2025-11-25 15:45:29.000,1
p_1002,0,A12/2,2025-11-25 15:45:29.000,1
p_1003,0,B65/1,2025-11-25 15:45:29.000,1
p_1004,0,D34/2,2025-11-25 15:45:29.000,1
p_1005,0,B13/1,2025-11-25 15:45:29.000,1
p_1006,0,T5,2025-11-25 15:45:29.000,1
p_1007,0,E65/2,2025-11-25 15:45:29.000,1
p_1008,0,D45/2,2025-11-25 15:45:29.000,1
p_1009,0,A13/2,2025-11-25 15:45:29.000,1
p_101,0,A12/1,2024-08-08 11:45:28.973,1
p_1010,0,D14/2,2025-11-25 15:45:29.000,1
p_1011,0,C11/2,2025-11-25 15:45:29.000,1
p_1012,0,B33/1,2025-11-25 15:45:29.000,1
p_1013,0,D15/2,2025-11-25 15:45:29.000,1
p_1014,0,D11/1,2025-11-25 15:45:29.000,1
p_1015,0,T6,2025-11-25 15:45:29.000,1
p_1016,0,D25/2,2025-11-25 15:45:29.000,1
p_1017,0,E44/2,2025-11-25 15:45:29.000,1
p_1018,0,A14/2,2025-11-25 15:45:29.000,1
p_1019,0,T3,2025-11-25 15:45:29.000,1
p_102,0,NULL,2024-08-08 11:45:28.973,1
p_1020,0,C34/2,2025-11-25 15:45:29.000,1
p_1021,0,T2,2025-11-25 15:45:29.000,1
p_1022,0,C23/1,2025-11-25 15:45:29.000,1
p_1023,0,E15/1,2025-11-25 15:45:29.000,1
p_1024,0,E14/2,2025-11-25 15:45:29.000,1
p_1025,0,F54/1,2025-11-25 15:45:29.000,1
p_1026,0,E45/2,2025-11-25 15:45:29.000,1
p_1027,0,B34/1,2025-11-25 15:45:29.000,1
p_1028,0,C53/1,2025-11-25 15:45:29.000,1
p_1029,0,D12/1,2025-11-25 15:45:29.000,1
p_103,0,NULL,2024-08-08 11:45:28.973,1
p_1030,0,B35/1,2025-11-25 15:45:29.000,1
p_1031,0,NULL,2025-11-25 15:45:29.000,1
p_1032,0,E35/1,2025-11-25 15:45:29.000,1
p_1033,0,D34/1,2025-11-25 15:45:29.000,1
p_1034,0,E55/2,2025-11-25 15:45:29.000,1
p_1035,0,D15/1,2025-11-25 15:45:29.000,1
p_1036,0,E12/2,2025-11-25 15:45:29.000,1
p_1037,0,T3,2025-11-25 15:45:29.000,1
p_1038,0,G13/2,2025-11-25 15:45:29.000,1
p_1039,0,T5,2025-11-25 15:45:29.000,1
p_104,0,NULL,2024-08-08 11:45:28.973,1
p_1040,0,A32/1,2025-11-25 15:45:29.000,1
p_1041,0,D35/2,2025-11-25 15:45:29.000,1
p_1042,0,L04,2025-11-25 15:45:29.000,1
p_1043,0,C24/1,2025-11-25 15:45:29.000,1
p_1044,0,A32/2,2025-11-25 15:45:29.000,1
p_1045,0,D13/1,2025-11-25 15:45:29.000,1
p_1046,0,A13/2,2025-11-25 15:45:29.000,1
p_1047,0,T4,2025-11-25 15:45:29.000,1
p_1048,0,F24/1,2025-11-25 15:45:29.000,1
p_1049,0,T5,2025-11-25 15:45:29.000,1
p_105,0,NULL,2024-08-08 11:45:28.973,1
p_1050,0,T4,2025-11-25 15:45:29.000,1
p_1051,0,D15/1,2025-11-25 15:45:29.000,1
p_1052,0,E54/2,2025-11-25 15:45:29.000,1
p_1053,0,C25/1,2025-11-25 15:45:29.000,1
p_1054,0,D12/1,2025-11-25 15:45:29.000,1
p_1055,0,E12/2,2025-11-25 15:45:29.000,1
p_1056,0,E62/1,2025-11-25 15:45:29.000,1
p_1057,0,E24/1,2025-11-25 15:45:29.000,1
p_1058,0,T5,2025-11-25 15:45:29.000,1
p_1059,0,T2,2025-11-25 15:45:29.000,1
p_106,0,NULL,2024-08-08 11:45:28.973,1
p_1060,0,E35/2,2025-11-25 15:45:29.000,1
p_1061,0,B51/2,2025-11-25 15:45:29.000,1
p_1062,0,B61/1,2025-11-25 15:45:29.000,1
p_1063,0,B42/2,2025-11-25 15:45:29.000,1
p_1064,0,E23/1,2025-11-25 15:45:29.000,1
p_1065,0,T3,2025-11-25 15:45:29.000,1
p_1066,0,T3,2025-11-25 15:45:29.000,1
p_1067,0,NULL,2025-11-25 15:45:29.000,1
p_1068,0,E42/1,2025-11-25 15:45:29.000,1
p_1069,0,T5,2025-11-25 15:45:29.000,1
p_107,0,NULL,2024-08-08 11:45:28.973,1
p_1070,0,E53/2,2025-11-25 15:45:29.000,1
p_1071,0,B65/1,2025-11-25 15:45:29.000,1
p_1072,0,B25/2,2025-11-25 15:45:29.000,1
p_1073,0,T2,2025-11-25 15:45:29.000,1
p_1074,0,E32/1,2025-11-25 15:45:29.000,1
p_1075,0,NULL,2025-11-25 15:45:29.000,1
p_1076,0,NULL,2025-11-25 15:45:29.000,1
p_1077,0,NULL,2025-11-25 15:45:29.000,1
p_1078,0,NULL,2025-11-25 15:45:29.000,1
p_1079,0,NULL,2025-11-25 15:45:29.000,1
p_108,0,NULL,2024-08-08 11:45:28.973,1
p_1080,0,NULL,2025-11-25 15:45:29.000,1
p_1081,0,NULL,2025-11-25 15:45:29.000,1
p_1082,0,NULL,2025-11-25 15:45:29.000,1
p_1083,0,NULL,2025-11-25 15:45:29.000,1
p_1084,0,NULL,2025-11-25 15:45:29.000,1
p_1085,0,NULL,2025-11-25 15:45:29.000,1
p_1086,0,NULL,2025-11-25 15:45:29.000,1
p_1087,0,NULL,2025-11-25 15:45:29.000,1
p_1088,0,NULL,2025-11-25 15:45:29.000,1
p_1089,0,NULL,2025-11-25 15:45:29.000,1
p_109,0,NULL,2024-08-08 11:45:28.973,1
p_1090,0,NULL,2025-11-25 15:45:29.000,1
p_1091,0,NULL,2025-11-25 15:45:29.000,1
p_1092,0,NULL,2025-11-25 15:45:29.000,1
p_1093,0,NULL,2025-11-25 15:45:29.000,1
p_1094,0,NULL,2025-11-25 15:45:29.000,1
p_1095,0,NULL,2025-11-25 15:45:29.000,1
p_1096,0,NULL,2025-11-25 15:45:29.000,1
p_1097,0,NULL,2025-11-25 15:45:29.000,1
p_1098,0,NULL,2025-11-25 15:45:29.000,1
p_1099,0,NULL,2025-11-25 15:45:29.000,1
p_11,0,NULL,2024-08-08 11:45:28.973,1
p_110,0,NULL,2024-08-08 11:45:28.973,1
p_1100,0,NULL,2025-11-25 15:45:29.000,1
p_1101,0,NULL,2025-11-25 15:45:29.000,1
p_1102,0,NULL,2025-11-25 15:45:29.000,1
p_1103,0,NULL,2025-11-25 15:45:29.000,1
p_1104,0,NULL,2025-11-25 15:45:29.000,1
p_1105,0,NULL,2025-11-25 15:45:29.000,1
p_1106,0,NULL,2025-11-25 15:45:29.000,1
p_1107,0,NULL,2025-11-25 15:45:29.000,1
p_1108,0,NULL,2025-11-25 15:45:29.000,1
p_1109,0,NULL,2025-11-25 15:45:29.000,1
p_111,0,NULL,2024-08-08 11:45:28.973,1
p_1110,0,NULL,2025-11-25 15:45:29.000,1
p_1111,0,NULL,2025-11-25 15:45:29.000,1
p_1112,0,NULL,2025-11-25 15:45:29.000,1
p_1113,0,NULL,2025-11-25 15:45:29.000,1
p_1114,0,NULL,2025-11-25 15:45:29.000,1
p_1115,0,NULL,2025-11-25 15:45:29.000,1
p_1116,0,NULL,2025-11-25 15:45:29.000,1
p_1117,0,NULL,2025-11-25 15:45:29.000,1
p_1118,0,NULL,2025-11-25 15:45:29.000,1
p_1119,0,NULL,2025-11-25 15:45:29.000,1
p_112,0,NULL,2024-08-08 11:45:28.973,1
p_1120,0,NULL,2025-11-25 15:45:29.000,1
p_1121,0,NULL,2025-11-25 15:45:29.000,1
p_1122,0,NULL,2025-11-25 15:45:29.000,1
p_1123,0,NULL,2025-11-25 15:45:29.000,1
p_1124,0,NULL,2025-11-25 15:45:29.000,1
p_1125,0,NULL,2025-11-25 15:45:29.000,1
p_1126,0,NULL,2025-11-25 15:45:29.000,1
p_1127,0,C14/2,2025-11-25 15:45:29.000,1
p_1128,0,NULL,2025-11-25 15:45:29.000,1
p_1129,0,NULL,2025-11-25 15:45:29.000,1
p_113,0,NULL,2024-08-08 11:45:28.973,1
p_1130,0,NULL,2025-11-25 15:45:29.000,1
p_1131,0,NULL,2025-11-25 15:45:29.000,1
p_1132,0,NULL,2025-11-25 15:45:29.000,1
p_1133,0,NULL,2025-11-25 15:45:29.000,1
p_1134,0,NULL,2025-11-25 15:45:29.000,1
p_1135,0,NULL,2025-11-25 15:45:29.000,1
p_1136,0,NULL,2025-11-25 15:45:29.000,1
p_1137,0,NULL,2025-11-25 15:45:29.000,1
p_1138,0,NULL,2025-11-25 15:45:29.000,1
p_1139,0,NULL,2025-11-25 15:45:29.000,1
p_114,0,NULL,2024-08-08 11:45:28.973,1
p_1140,0,NULL,2025-11-25 15:45:29.000,1
p_1141,0,NULL,2025-11-25 15:45:29.000,1
p_1142,0,NULL,2025-11-25 15:45:29.000,1
p_1143,0,NULL,2025-11-25 15:45:29.000,1
p_1144,0,NULL,2025-11-25 15:45:29.000,1
p_1145,0,NULL,2025-11-25 15:45:29.000,1
p_1146,0,NULL,2025-11-25 15:45:29.000,1
p_1147,0,NULL,2025-11-25 15:45:29.000,1
p_1148,0,NULL,2025-11-25 15:45:29.000,1
p_1149,0,NULL,2025-11-25 15:45:29.000,1
p_115,0,NULL,2024-08-08 11:45:28.973,1
p_1150,0,NULL,2025-11-25 15:45:29.000,1
p_1151,0,NULL,2025-11-25 15:45:29.000,1
p_1152,0,NULL,2025-11-25 15:45:29.000,1
p_1153,0,NULL,2025-11-25 15:45:29.000,1
p_1154,0,NULL,2025-11-25 15:45:29.000,1
p_1155,0,NULL,2025-11-25 15:45:29.000,1
p_1156,0,NULL,2025-11-25 15:45:29.000,1
p_1157,0,NULL,2025-11-25 15:45:29.000,1
p_1158,0,NULL,2025-11-25 15:45:29.000,1
p_1159,0,NULL,2025-11-25 15:45:29.000,1
p_116,0,NULL,2024-08-08 11:45:28.973,1
p_1160,0,NULL,2025-11-25 15:45:29.000,1
p_1161,0,NULL,2025-11-25 15:45:29.000,1
p_1162,0,NULL,2025-11-25 15:45:29.000,1
p_1163,0,NULL,2025-11-25 15:45:29.000,1
p_1164,0,NULL,2025-11-25 15:45:29.000,1
p_1165,0,D13/2,2025-11-25 15:45:29.000,1
p_1166,0,E42/2,2025-11-25 15:45:29.000,1
p_1167,0,NULL,2025-11-25 15:45:29.000,1
p_1168,0,F32/1,2025-11-25 15:45:29.000,1
p_1169,0,NULL,2025-11-25 15:45:29.000,1
p_117,0,NULL,2024-08-08 11:45:28.973,1
p_1170,0,E65/1,2025-11-25 15:45:29.000,1
p_1171,0,NULL,2025-11-25 15:45:29.000,1
p_1172,0,C13/1,2025-11-25 15:45:29.000,1
p_1173,0,C34/1,2025-11-25 15:45:29.000,1
p_1174,0,C13/1,2025-11-25 15:45:29.000,1
p_1175,0,NULL,2025-11-25 15:45:29.000,1
p_1176,0,F21/1,2025-11-25 15:45:29.000,1
p_1177,0,NULL,2025-11-25 15:45:29.000,1
p_1178,0,D41/1,2025-11-25 15:45:29.000,1
p_1179,0,F34/1,2025-11-25 15:45:29.000,1
p_118,0,NULL,2024-08-08 11:45:28.973,1
p_1180,0,C33/2,2025-11-25 15:45:29.000,1
p_1181,0,A11/2,2025-11-25 15:45:29.000,1
p_1182,0,K05,2025-11-25 15:45:29.000,1
p_1183,0,A15/1,2025-11-25 15:45:29.000,1
p_1184,0,F64/2,2025-11-25 15:45:29.000,1
p_1185,0,F14/2,2025-11-25 15:45:29.000,1
p_1186,0,F14/1,2025-11-25 15:45:29.000,1
p_1187,0,T2,2025-11-25 15:45:29.000,1
p_1188,0,B54/1,2025-11-25 15:45:29.000,1
p_1189,0,F13/2,2025-11-25 15:45:29.000,1
p_119,0,NULL,2024-08-08 11:45:28.973,1
p_1190,1,F12/2,2025-11-25 15:45:29.000,1
p_1191,0,F12/1,2025-11-25 15:45:29.000,1
p_1192,0,H07,2025-11-25 15:45:29.000,1
p_1193,0,L11,2025-11-25 15:45:29.000,1
p_1194,0,L16,2025-11-25 15:45:29.000,1
p_1195,0,L15,2025-11-25 15:45:29.000,1
p_1196,0,L14,2025-11-25 15:45:29.000,1
p_1197,0,NULL,2025-11-25 15:45:29.000,1
p_1198,0,L13,2025-11-25 15:45:29.000,1
p_1199,0,L12,2025-11-25 15:45:29.000,1
p_12,0,NULL,2024-08-08 11:45:28.973,1
p_120,0,NULL,2024-08-08 11:45:28.973,1
p_1200,0,L10,2025-11-25 15:45:29.000,1
p_1201,0,NULL,2025-11-25 15:45:29.000,1
p_1202,0,L09,2025-11-25 15:45:29.000,1
p_1203,0,L08,2025-11-25 15:45:29.000,1
p_1204,0,L07,2025-11-25 15:45:29.000,1
p_1205,0,L06,2025-11-25 15:45:29.000,1
p_1206,0,L03,2025-11-25 15:45:29.000,1
p_1207,0,L02,2025-11-25 15:45:29.000,1
p_1208,0,L01,2025-11-25 15:45:29.000,1
p_1209,0,T3,2025-11-25 15:45:29.000,1
p_121,0,NULL,2024-08-08 11:45:28.973,1
p_1210,0,NULL,2025-11-25 15:45:29.000,1
p_1211,0,NULL,2025-11-25 15:45:29.000,1
p_1212,0,M05,2025-11-25 15:45:29.000,1
p_1213,0,G13/1,2025-11-25 15:45:29.000,1
p_1214,0,A15/2,2025-11-25 15:45:29.000,1
p_1215,0,B55/1,2025-11-25 15:45:29.000,1
p_1216,0,F25/1,2025-11-25 15:45:29.000,1
p_1217,0,C13/1,2025-11-25 15:45:29.000,1
p_1218,0,C15/2,2025-11-25 15:45:29.000,1
p_1219,0,A33/1,2025-11-25 15:45:29.000,1
p_122,0,C33/1,2024-08-08 11:45:28.973,1
p_1220,0,B13/1,2025-11-25 15:45:29.000,1
p_1221,0,F42/1,2025-11-25 15:45:29.000,1
p_1222,0,F42/2,2025-11-25 15:45:29.000,1
p_1223,0,F62/2,2025-11-25 15:45:29.000,1
p_1224,0,C24/2,2025-11-25 15:45:29.000,1
p_1225,0,E32/1,2025-11-25 15:45:29.000,1
p_1226,0,E64/2,2025-11-25 15:45:29.000,1
p_1227,0,E52/2,2025-11-25 15:45:29.000,1
p_1228,0,E12/1,2025-11-25 15:45:29.000,1
p_1229,0,NULL,2025-11-25 15:45:29.000,1
p_123,0,N7,2024-08-08 11:45:28.973,1
p_1230,0,B33/1,2025-11-25 15:45:29.000,1
p_1231,0,A22/2,2025-11-25 15:45:29.000,1
p_1232,0,T5,2025-11-25 15:45:29.000,1
p_1233,0,F31/1,2025-11-25 15:45:29.000,1
p_1234,0,B34/2,2025-11-25 15:45:29.000,1
p_1235,0,T6,2025-11-25 15:45:29.000,1
p_1236,0,D25/1,2025-11-25 15:45:29.000,1
p_1237,0,D12/2,2025-11-25 15:45:29.000,1
p_1238,0,C33/1,2025-11-25 15:45:29.000,1
p_1239,0,C43/2,2025-11-25 15:45:29.000,1
p_124,0,A34/1,2024-08-08 11:45:28.973,1
p_1240,0,A23/2,2025-11-25 15:45:29.000,1
p_1241,0,A12/2,2025-11-25 15:45:29.000,1
p_1242,0,D12/1,2025-11-25 15:45:29.000,1
p_1243,0,D42/1,2025-11-25 15:45:29.000,1
p_1244,0,G24/1,2025-11-25 15:45:29.000,1
p_1245,0,NULL,2025-11-25 15:45:29.000,1
p_1246,0,NULL,2025-11-25 15:45:29.000,1
p_1247,0,NULL,2025-11-25 15:45:29.000,1
p_1248,0,NULL,2025-11-25 15:45:29.000,1
p_1249,0,NULL,2025-11-25 15:45:29.000,1
p_125,0,C15/2,2024-08-08 11:45:28.973,1
p_1250,0,NULL,2025-11-25 15:45:29.000,1
p_1251,0,NULL,2025-11-25 15:45:29.000,1
p_1252,0,NULL,2025-11-25 15:45:29.000,1
p_1253,0,NULL,2025-11-25 15:45:29.000,1
p_1254,0,NULL,2025-11-25 15:45:29.000,1
p_1255,0,NULL,2025-11-25 15:45:29.000,1
p_1256,0,NULL,2025-11-25 15:45:29.000,1
p_1257,0,NULL,2025-11-25 15:45:29.000,1
p_1258,0,NULL,2025-11-25 15:45:29.000,1
p_1259,0,NULL,2025-11-25 15:45:29.000,1
p_126,0,D15/2,2024-08-08 11:45:28.973,1
p_1260,0,NULL,2025-11-25 15:45:29.000,1
p_1261,0,NULL,2025-11-25 15:45:29.000,1
p_1262,0,NULL,2025-11-25 15:45:29.000,1
p_1263,0,NULL,2025-11-25 15:45:29.000,1
p_1264,0,NULL,2025-11-25 15:45:29.000,1
p_1265,0,NULL,2025-11-25 15:45:29.000,1
p_1266,0,NULL,2025-11-25 15:45:29.000,1
p_1267,0,NULL,2025-11-25 15:45:29.000,1
p_1268,0,NULL,2025-11-25 15:45:29.000,1
p_1269,0,NULL,2025-11-25 15:45:29.000,1
p_127,0,C33/1,2024-08-08 11:45:28.973,1
p_1270,0,NULL,2025-11-25 15:45:29.000,1
p_1271,0,NULL,2025-11-25 15:45:29.000,1
p_1272,0,NULL,2025-11-25 15:45:29.000,1
p_1273,0,NULL,2025-11-25 15:45:29.000,1
p_1274,0,C24/2,2025-11-25 15:45:29.000,1
p_1275,0,NULL,2025-11-25 15:45:29.000,1
p_1276,0,NULL,2025-11-25 15:45:29.000,1
p_1277,0,NULL,2025-11-25 15:45:29.000,1
p_1278,0,NULL,2025-11-25 15:45:29.000,1
p_1279,0,NULL,2025-11-25 15:45:29.000,1
p_128,0,B51/2,2024-08-08 11:45:28.973,1
p_1280,0,NULL,2025-11-25 15:45:29.000,1
p_1281,0,NULL,2025-11-25 15:45:29.000,1
p_1282,0,NULL,2025-11-25 15:45:29.000,1
p_1283,0,NULL,2025-11-25 15:45:29.000,1
p_1284,0,NULL,2025-11-25 15:45:29.000,1
p_1285,0,NULL,2025-11-25 15:45:29.000,1
p_1286,0,NULL,2025-11-25 15:45:29.000,1
p_1287,0,NULL,2025-11-25 15:45:29.000,1
p_1288,0,NULL,2025-11-25 15:45:29.000,1
p_1289,0,NULL,2025-11-25 15:45:29.000,1
p_129,0,B11/2,2024-08-08 11:45:28.973,1
p_1290,0,NULL,2025-11-25 15:45:29.000,1
p_1291,0,NULL,2025-11-25 15:45:29.000,1
p_1292,0,NULL,2025-11-25 15:45:29.000,1
p_1293,0,NULL,2025-11-25 15:45:29.000,1
p_1294,0,NULL,2025-11-25 15:45:29.000,1
p_1295,0,NULL,2025-11-25 15:45:29.000,1
p_1296,0,NULL,2025-11-25 15:45:29.000,1
p_1297,0,NULL,2025-11-25 15:45:29.000,1
p_1298,0,NULL,2025-11-25 15:45:29.000,1
p_1299,0,NULL,2025-11-25 15:45:29.000,1
p_13,0,C31/2,2024-08-08 11:45:28.973,1
p_130,0,T4,2024-08-08 11:45:28.973,1
p_1300,0,NULL,2025-11-25 15:45:29.000,1
p_1301,0,NULL,2025-11-25 15:45:29.000,1
p_1302,0,NULL,2025-11-25 15:45:29.000,1
p_1303,0,NULL,2025-11-25 15:45:29.000,1
p_1304,0,NULL,2025-11-25 15:45:29.000,1
p_1305,0,NULL,2025-11-25 15:45:29.000,1
p_1306,0,NULL,2025-11-25 15:45:29.000,1
p_1307,0,NULL,2025-11-25 15:45:29.000,1
p_1308,0,NULL,2025-11-25 15:45:29.000,1
p_1309,0,NULL,2025-11-25 15:45:29.000,1
p_131,0,E13/2,2024-08-08 11:45:28.973,1
p_1310,0,NULL,2025-11-25 15:45:29.000,1
p_1311,0,NULL,2025-11-25 15:45:29.000,1
p_1312,0,NULL,2025-11-25 15:45:29.000,1
p_1313,0,NULL,2025-11-25 15:45:29.000,1
p_1314,0,NULL,2025-11-25 15:45:29.000,1
p_1315,0,NULL,2025-11-25 15:45:29.000,1
p_1316,0,NULL,2025-11-25 15:45:29.000,1
p_1317,0,NULL,2025-11-25 15:45:29.000,1
p_1318,0,NULL,2025-11-25 15:45:29.000,1
p_1319,0,NULL,2025-11-25 15:45:29.000,1
p_132,0,D15/2,2024-08-08 11:45:28.973,1
p_1320,0,NULL,2025-11-25 15:45:29.000,1
p_1321,0,NULL,2025-11-25 15:45:29.000,1
p_1322,0,NULL,2025-11-25 15:45:29.000,1
p_1323,0,NULL,2025-11-25 15:45:29.000,1
p_1324,0,NULL,2025-11-25 15:45:29.000,1
p_1325,0,NULL,2025-11-25 15:45:29.000,1
p_1326,0,NULL,2025-11-25 15:45:29.000,1
p_1327,0,NULL,2025-11-25 15:45:29.000,1
p_1328,0,NULL,2025-11-25 15:45:29.000,1
p_1329,0,NULL,2025-11-25 15:45:29.000,1
p_133,0,F33/2,2024-08-08 11:45:28.973,1
p_1330,0,NULL,2025-11-25 15:45:29.000,1
p_1331,0,NULL,2025-11-25 15:45:29.000,1
p_1332,0,C33/1,2025-11-25 15:45:29.000,1
p_1333,0,NULL,2025-11-25 15:45:29.000,1
p_1334,0,NULL,2025-11-25 15:45:29.000,1
p_1335,0,NULL,2025-11-25 15:45:29.000,1
p_1336,0,NULL,2025-11-25 15:45:29.000,1
p_1337,0,NULL,2025-11-25 15:45:29.000,1
p_1338,0,NULL,2025-11-25 15:45:29.000,1
p_1339,0,NULL,2025-11-25 15:45:29.000,1
p_134,0,A25/1,2024-08-08 11:45:28.973,1
p_1340,0,NULL,2025-11-25 15:45:29.000,1
p_1341,0,NULL,2025-11-25 15:45:29.000,1
p_1342,0,NULL,2025-11-25 15:45:29.000,1
p_1343,0,NULL,2025-11-25 15:45:29.000,1
p_1344,0,NULL,2025-11-25 15:45:29.000,1
p_1345,0,NULL,2025-11-25 15:45:29.000,1
p_1346,0,NULL,2025-11-25 15:45:29.000,1
p_1347,0,NULL,2025-11-25 15:45:29.000,1
p_1348,0,NULL,2025-11-25 15:45:29.000,1
p_1349,0,NULL,2025-11-25 15:45:29.000,1
p_135,0,B65/1,2024-08-08 11:45:28.973,1
p_1350,0,NULL,2025-11-25 15:45:29.000,1
p_1351,0,NULL,2025-11-25 15:45:29.000,1
p_1352,0,NULL,2025-11-25 15:45:29.000,1
p_1353,0,NULL,2025-11-25 15:45:29.000,1
p_1354,0,NULL,2025-11-25 15:45:29.000,1
p_1355,0,NULL,2025-11-25 15:45:29.000,1
p_1356,0,NULL,2025-11-25 15:45:29.000,1
p_1357,0,NULL,2025-11-25 15:45:29.000,1
p_1358,0,NULL,2025-11-25 15:45:29.000,1
p_1359,0,NULL,2025-11-25 15:45:29.000,1
p_136,0,C45/1,2024-08-08 11:45:28.973,1
p_1360,0,NULL,2025-11-25 15:45:29.000,1
p_1361,0,NULL,2025-11-25 15:45:29.000,1
p_1362,0,NULL,2025-11-25 15:45:29.000,1
p_1363,0,NULL,2025-11-25 15:45:29.000,1
p_1364,0,NULL,2025-11-25 15:45:29.000,1
p_1365,0,NULL,2025-11-25 15:45:29.000,1
p_1366,0,NULL,2025-11-25 15:45:29.000,1
p_1367,0,NULL,2025-11-25 15:45:29.000,1
p_1368,0,NULL,2025-11-25 15:45:29.000,1
p_1369,0,NULL,2025-11-25 15:45:29.000,1
p_137,0,D14/1,2024-08-08 11:45:28.973,1
p_1370,0,NULL,2025-11-25 15:45:29.000,1
p_1371,0,NULL,2025-11-25 15:45:29.000,1
p_1372,0,NULL,2025-11-25 15:45:29.000,1
p_1373,0,NULL,2025-11-25 15:45:29.000,1
p_1374,0,NULL,2025-11-25 15:45:29.000,1
p_1375,0,NULL,2025-11-25 15:45:29.000,1
p_1376,0,NULL,2025-11-25 15:45:29.000,1
p_1377,0,NULL,2025-11-25 15:45:29.000,1
p_1378,0,NULL,2025-11-25 15:45:29.000,1
p_1379,0,NULL,2025-11-25 15:45:29.000,1
p_138,0,E32/2,2024-08-08 11:45:28.973,1
p_1380,0,NULL,2025-11-25 15:45:29.000,1
p_1381,0,NULL,2025-11-25 15:45:29.000,1
p_1382,0,NULL,2025-11-25 15:45:29.000,1
p_1383,0,NULL,2025-11-25 15:45:29.000,1
p_1384,0,NULL,2025-11-25 15:45:29.000,1
p_1385,0,NULL,2025-11-25 15:45:29.000,1
p_1386,0,NULL,2025-11-25 15:45:29.000,1
p_1387,0,NULL,2025-11-25 15:45:29.000,1
p_1388,0,NULL,2025-11-25 15:45:29.000,1
p_1389,0,NULL,2025-11-25 15:45:29.000,1
p_139,0,C33/2,2024-08-08 11:45:28.973,1
p_1390,0,NULL,2025-11-25 15:45:29.000,1
p_1391,0,NULL,2025-11-25 15:45:29.000,1
p_1392,0,NULL,2025-11-25 15:45:29.000,1
p_1393,0,NULL,2025-11-25 15:45:29.000,1
p_1394,0,NULL,2025-11-25 15:45:29.000,1
p_1395,0,NULL,2025-11-25 15:45:29.000,1
p_1396,0,NULL,2025-11-25 15:45:29.000,1
p_1397,0,NULL,2025-11-25 15:45:29.000,1
p_1398,0,NULL,2025-11-25 15:45:29.000,1
p_1399,0,NULL,2025-11-25 15:45:29.000,1
p_14,0,D25/1,2024-08-08 11:45:28.973,1
p_140,0,NULL,2024-08-08 11:45:28.973,1
p_1400,0,NULL,2025-11-25 15:45:29.000,1
p_1401,0,NULL,2025-11-25 15:45:29.000,1
p_1402,0,NULL,2025-11-25 15:45:29.000,1
p_1403,0,NULL,2025-11-25 15:45:29.000,1
p_1404,0,NULL,2025-11-25 15:45:29.000,1
p_1405,0,NULL,2025-11-25 15:45:29.000,1
p_1406,0,NULL,2025-11-25 15:45:29.000,1
p_1407,0,NULL,2025-11-25 15:45:29.000,1
p_1408,0,NULL,2025-11-25 15:45:29.000,1
p_1409,0,NULL,2025-11-25 15:45:29.000,1
p_141,0,B44/2,2024-08-08 11:45:28.973,1
p_1410,0,NULL,2025-11-25 15:45:29.000,1
p_1411,0,NULL,2025-11-25 15:45:29.000,1
p_1412,0,NULL,2025-11-25 15:45:29.000,1
p_1413,0,NULL,2025-11-25 15:45:29.000,1
p_1414,0,NULL,2025-11-25 15:45:29.000,1
p_1415,0,NULL,2025-11-25 15:45:29.000,1
p_1416,0,NULL,2025-11-25 15:45:29.000,1
p_1417,0,NULL,2025-11-25 15:45:29.000,1
p_1418,0,NULL,2025-11-25 15:45:29.000,1
p_1419,0,NULL,2025-11-25 15:45:29.000,1
p_142,0,T6,2024-08-08 11:45:28.973,1
p_1420,0,NULL,2025-11-25 15:45:29.000,1
p_1421,0,NULL,2025-11-25 15:45:29.000,1
p_1422,0,NULL,2025-11-25 15:45:29.000,1
p_1423,0,NULL,2025-11-25 15:45:29.000,1
p_1424,0,NULL,2025-11-25 15:45:29.000,1
p_1425,0,NULL,2025-11-25 15:45:29.000,1
p_1426,0,NULL,2025-11-25 15:45:29.000,1
p_1427,0,NULL,2025-11-25 15:45:29.000,1
p_1428,0,NULL,2025-11-25 15:45:29.000,1
p_1429,0,NULL,2025-11-25 15:45:29.000,1
p_143,0,T3,2024-08-08 11:45:28.973,1
p_1430,0,NULL,2025-11-25 15:45:29.000,1
p_1431,0,NULL,2025-11-25 15:45:29.000,1
p_1432,0,NULL,2025-11-25 15:45:29.000,1
p_1433,0,NULL,2025-11-25 15:45:29.000,1
p_1434,0,NULL,2025-11-25 15:45:29.000,1
p_1435,0,NULL,2025-11-25 15:45:29.000,1
p_1436,0,NULL,2025-11-25 15:45:29.000,1
p_1437,0,NULL,2025-11-25 15:45:29.000,1
p_1438,0,NULL,2025-11-25 15:45:29.000,1
p_1439,0,NULL,2025-11-25 15:45:29.000,1
p_144,0,D41/1,2024-08-08 11:45:28.973,1
p_1440,0,NULL,2025-11-25 15:45:29.000,1
p_1441,0,NULL,2025-11-25 15:45:29.000,1
p_1442,0,NULL,2025-11-25 15:45:29.000,1
p_1443,0,NULL,2025-11-25 15:45:29.000,1
p_1444,0,NULL,2025-11-25 15:45:29.000,1
p_1445,0,NULL,2025-11-25 15:45:29.000,1
p_1446,0,NULL,2025-11-25 15:45:29.000,1
p_1447,0,NULL,2025-11-25 15:45:29.000,1
p_1448,0,NULL,2025-11-25 15:45:29.000,1
p_1449,0,NULL,2025-11-25 15:45:29.000,1
p_145,0,A43/1,2024-08-08 11:45:28.973,1
p_1450,0,NULL,2025-11-25 15:45:29.000,1
p_1451,0,NULL,2025-11-25 15:45:29.000,1
p_1452,0,NULL,2025-11-25 15:45:29.000,1
p_1453,0,NULL,2025-11-25 15:45:29.000,1
p_1454,0,NULL,2025-11-25 15:45:29.000,1
p_1455,0,NULL,2025-11-25 15:45:29.000,1
p_1456,0,NULL,2025-11-25 15:45:29.000,1
p_1457,0,NULL,2025-11-25 15:45:29.000,1
p_1458,0,NULL,2025-11-25 15:45:29.000,1
p_1459,0,NULL,2025-11-25 15:45:29.000,1
p_146,0,B13/1,2024-08-08 11:45:28.973,1
p_1460,0,NULL,2025-11-25 15:45:29.000,1
p_1461,0,NULL,2025-11-25 15:45:29.000,1
p_1462,0,NULL,2025-11-25 15:45:29.000,1
p_1463,0,NULL,2025-11-25 15:45:29.000,1
p_1464,0,NULL,2025-11-25 15:45:29.000,1
p_1465,0,NULL,2025-11-25 15:45:29.000,1
p_1466,0,NULL,2025-11-25 15:45:29.000,1
p_1467,0,NULL,2025-11-25 15:45:29.000,1
p_1468,0,NULL,2025-11-25 15:45:29.000,1
p_1469,0,NULL,2025-11-25 15:45:29.000,1
p_147,0,T2,2024-08-08 11:45:28.973,1
p_1470,0,NULL,2025-11-25 15:45:29.000,1
p_1471,0,NULL,2025-11-25 15:45:29.000,1
p_1472,0,NULL,2025-11-25 15:45:29.000,1
p_1473,0,NULL,2025-11-25 15:45:29.000,1
p_1474,0,NULL,2025-11-25 15:45:29.000,1
p_1475,0,NULL,2025-11-25 15:45:29.000,1
p_1476,0,NULL,2025-11-25 15:45:29.000,1
p_1477,0,NULL,2025-11-25 15:45:29.000,1
p_1478,0,NULL,2025-11-25 15:45:29.000,1
p_1479,0,NULL,2025-11-25 15:45:29.000,1
p_148,0,C14/2,2024-08-08 11:45:28.973,1
p_1480,0,NULL,2025-11-25 15:45:29.000,1
p_1481,0,NULL,2025-11-25 15:45:29.000,1
p_1482,0,NULL,2025-11-25 15:45:29.000,1
p_1483,0,NULL,2025-11-25 15:45:29.000,1
p_1484,0,NULL,2025-11-25 15:45:29.000,1
p_1485,0,NULL,2025-11-25 15:45:29.000,1
p_1486,0,NULL,2025-11-25 15:45:29.000,1
p_1487,0,NULL,2025-11-25 15:45:29.000,1
p_1488,0,NULL,2025-11-25 15:45:29.000,1
p_1489,0,NULL,2025-11-25 15:45:29.000,1
p_149,0,N04,2024-08-08 11:45:28.973,1
p_1490,0,NULL,2025-11-25 15:45:29.000,1
p_1491,0,NULL,2025-11-25 15:45:29.000,1
p_1492,0,NULL,2025-11-25 15:45:29.000,1
p_1493,0,NULL,2025-11-25 15:45:29.000,1
p_1494,0,NULL,2025-11-25 15:45:29.000,1
p_1495,0,NULL,2025-11-25 15:45:29.000,1
p_1496,0,NULL,2025-11-25 15:45:29.000,1
p_1497,0,NULL,2025-11-25 15:45:29.000,1
p_1498,0,NULL,2025-11-25 15:45:29.000,1
p_1499,0,NULL,2025-11-25 15:45:29.000,1
p_15,0,A12/2,2024-08-08 11:45:28.973,1
p_150,0,D22/1,2024-08-08 11:45:28.973,1
p_1500,0,NULL,2025-11-25 15:45:29.000,1
p_151,0,A22/2,2024-08-08 11:45:28.973,1
p_152,0,B13/1,2024-08-08 11:45:28.973,1
p_153,0,D61/1,2024-08-08 11:45:28.973,1
p_154,0,A12/1,2024-08-08 11:45:28.973,1
p_155,0,G23/2,2024-08-08 11:45:28.973,1
p_156,0,T6,2024-08-08 11:45:28.973,1
p_157,0,B14/1,2024-08-08 11:45:28.973,1
p_158,0,E63/1,2024-08-08 11:45:28.973,1
p_159,0,C22/2,2024-08-08 11:45:28.973,1
p_16,0,T5,2024-08-08 11:45:28.973,1
p_160,0,F51/2,2024-08-08 11:45:28.973,1
p_161,0,D44/1,2024-08-08 11:45:28.973,1
p_162,0,G11/1,2024-08-08 11:45:28.973,1
p_163,0,D32/1,2024-08-08 11:45:28.973,1
p_164,0,C45/2,2024-08-08 11:45:28.973,1
p_165,0,D32/2,2024-08-08 11:45:28.973,1
p_166,0,E34/1,2024-08-08 11:45:28.973,1
p_167,0,D12/1,2024-08-08 11:45:28.973,1
p_168,0,C15/2,2024-08-08 11:45:28.973,1
p_169,0,D32/2,2024-08-08 11:45:28.973,1
p_17,0,F53/1,2024-08-08 11:45:28.973,1
p_170,0,E55/2,2024-08-08 11:45:28.973,1
p_171,0,F45/2,2024-08-08 11:45:28.973,1
p_172,0,B32/1,2024-08-08 11:45:28.973,1
p_173,0,A13/2,2024-08-08 11:45:28.973,1
p_174,0,A32/1,2024-08-08 11:45:28.973,1
p_175,0,D15/2,2024-08-08 11:45:28.973,1
p_176,0,C51/2,2024-08-08 11:45:28.973,1
p_177,0,A32/2,2024-08-08 11:45:28.973,1
p_178,0,B25/1,2024-08-08 11:45:28.973,1
p_179,0,F52/2,2024-08-08 11:45:28.973,1
p_18,0,F21/2,2024-08-08 11:45:28.973,1
p_180,0,C34/2,2024-08-08 11:45:28.973,1
p_181,0,C14/1,2024-08-08 11:45:28.973,1
p_182,0,B25/1,2024-08-08 11:45:28.973,1
p_183,0,D14/2,2024-08-08 11:45:28.973,1
p_184,0,E23/2,2024-08-08 11:45:28.973,1
p_185,0,NULL,2024-08-08 11:45:28.973,1
p_186,0,A32/1,2024-08-08 11:45:28.973,1
p_187,0,C31/1,2024-08-08 11:45:28.973,1
p_188,0,D12/2,2024-08-08 11:45:28.973,1
p_189,0,C13/1,2024-08-08 11:45:28.973,1
p_19,0,B32/2,2024-08-08 11:45:28.973,1
p_190,0,A65/2,2024-08-08 11:45:28.973,1
p_191,0,T5,2024-08-08 11:45:28.973,1
p_192,0,A13/2,2024-08-08 11:45:28.973,1
p_193,0,D43/1,2024-08-08 11:45:28.973,1
p_194,0,E54/2,2024-08-08 11:45:28.973,1
p_195,0,A43/2,2024-08-08 11:45:28.973,1
p_196,0,C11/1,2024-08-08 11:45:28.973,1
p_197,0,C53/2,2024-08-08 11:45:28.973,1
p_198,0,D14/1,2024-08-08 11:45:28.973,1
p_199,0,C25/2,2024-08-08 11:45:28.973,1
p_2,0,B25/1,2024-08-08 11:45:28.973,1
p_20,0,A42/2,2024-08-08 11:45:28.973,1
p_200,0,D32/1,2024-08-08 11:45:28.973,1
p_201,0,C12/1,2024-08-08 11:45:28.973,1
p_202,0,A32/1,2024-08-08 11:45:28.973,1
p_203,0,B24/1,2024-08-08 11:45:28.973,1
p_204,0,D21/2,2024-08-08 11:45:28.973,1
p_205,0,D63/1,2024-08-08 11:45:28.973,1
p_206,0,B32/1,2024-08-08 11:45:28.973,1
p_207,0,C33/2,2024-08-08 11:45:28.973,1
p_208,0,A63/2,2024-08-08 11:45:28.973,1
p_209,0,D14/2,2024-08-08 11:45:28.973,1
p_21,1,A42/2,2024-08-08 11:45:28.973,1
p_210,0,D23/2,2024-08-08 11:45:28.973,1
p_211,0,E11/2,2024-08-08 11:45:28.973,1
p_212,0,A63/1,2024-08-08 11:45:28.973,1
p_213,0,B15/1,2024-08-08 11:45:28.973,1
p_214,0,C13/2,2024-08-08 11:45:28.973,1
p_215,0,T5,2024-08-08 11:45:28.973,1
p_216,0,D42/2,2024-08-08 11:45:28.973,1
p_217,0,D55/1,2024-08-08 11:45:28.973,1
p_218,0,T2,2024-08-08 11:45:28.973,1
p_219,0,C33/1,2024-08-08 11:45:28.973,1
p_22,0,D22/1,2024-08-08 11:45:28.973,1
p_220,0,D12/2,2024-08-08 11:45:28.973,1
p_221,0,B23/2,2024-08-08 11:45:28.973,1
p_222,0,E12/1,2024-08-08 11:45:28.973,1
p_223,0,E24/1,2024-08-08 11:45:28.973,1
p_224,0,B15/2,2024-08-08 11:45:28.973,1
p_225,0,B51/1,2024-08-08 11:45:28.973,1
p_226,0,C14/1,2024-08-08 11:45:28.973,1
p_227,0,NULL,2024-08-08 11:45:28.973,1
p_228,1,NULL,2024-08-08 11:45:28.973,1
p_229,1,T3,2024-08-08 11:45:28.973,1
p_23,1,D51/1,2024-08-08 11:45:28.973,1
p_230,1,B54/1,2024-08-08 11:45:28.973,1
p_231,1,B15/1,2024-08-08 11:45:28.973,1
p_232,1,C23/1,2024-08-08 11:45:28.973,1
p_233,0,A53/1,2024-08-08 11:45:28.973,1
p_234,0,T3,2024-08-08 11:45:28.973,1
p_235,0,D54/2,2024-08-08 11:45:28.973,1
p_236,0,B13/1,2024-08-08 11:45:28.973,1
p_237,0,C23/1,2024-08-08 11:45:28.973,1
p_238,0,E14/2,2024-08-08 11:45:28.973,1
p_239,0,A32/1,2024-08-08 11:45:28.973,1
p_24,0,B13/1,2024-08-08 11:45:28.973,1
p_240,0,A55/2,2024-08-08 11:45:28.973,1
p_241,0,C43/1,2024-08-08 11:45:28.973,1
p_242,0,B25/2,2024-08-08 11:45:28.973,1
p_243,0,A15/2,2024-08-08 11:45:28.973,1
p_244,0,C31/2,2024-08-08 11:45:28.973,1
p_245,0,C42/2,2024-08-08 11:45:28.973,1
p_246,0,NULL,2024-08-08 11:45:28.973,1
p_247,0,E33/2,2024-08-08 11:45:28.973,1
p_248,0,E43/2,2024-08-08 11:45:28.973,1
p_249,0,C22/1,2024-08-08 11:45:28.973,1
p_25,0,E43/2,2024-08-08 11:45:28.973,1
p_250,0,C25/2,2024-08-08 11:45:28.973,1
p_251,0,C15/1,2024-08-08 11:45:28.973,1
p_252,1,L05,2024-08-08 11:45:28.973,1
p_253,0,C23/1,2024-08-08 11:45:28.973,1
p_254,0,C53/1,2024-08-08 11:45:28.973,1
p_255,1,F55/2,2024-08-08 11:45:28.973,1
p_256,0,F35/1,2024-08-08 11:45:28.973,1
p_257,0,E21/2,2024-08-08 11:45:28.973,1
p_258,0,N05,2024-08-08 11:45:28.973,1
p_259,0,F35/2,2024-08-08 11:45:28.973,1
p_26,0,C15/2,2024-08-08 11:45:28.973,1
p_260,0,B25/1,2024-08-08 11:45:28.973,1
p_261,0,C13/2,2024-08-08 11:45:28.973,1
p_262,0,C13/1,2024-08-08 11:45:28.973,1
p_263,0,E43/1,2024-08-08 11:45:28.973,1
p_264,0,C15/1,2024-08-08 11:45:28.973,1
p_265,0,B13/1,2024-08-08 11:45:28.973,1
p_266,0,B25/1,2024-08-08 11:45:28.973,1
p_267,0,L04,2024-08-08 11:45:28.973,1
p_268,0,B42/1,2024-08-08 11:45:28.973,1
p_269,0,A33/2,2024-08-08 11:45:28.973,1
p_27,0,B34/1,2024-08-08 11:45:28.973,1
p_270,0,B34/2,2024-08-08 11:45:28.973,1
p_271,0,T5,2024-08-08 11:45:28.973,1
p_272,0,B13/1,2024-08-08 11:45:28.973,1
p_273,0,D31/1,2024-08-08 11:45:28.973,1
p_274,0,B15/1,2024-08-08 11:45:28.973,1
p_275,0,C44/2,2024-08-08 11:45:28.973,1
p_276,0,NULL,2024-08-08 11:45:28.973,1
p_277,0,NULL,2024-08-08 11:45:28.973,1
p_278,0,NULL,2024-08-08 11:45:28.973,1
p_279,0,NULL,2024-08-08 11:45:28.973,1
p_28,0,NULL,2024-08-08 11:45:28.973,1
p_280,0,NULL,2024-08-08 11:45:28.973,1
p_281,0,NULL,2024-08-08 11:45:28.973,1
p_282,0,NULL,2024-08-08 11:45:28.973,1
p_283,0,NULL,2024-08-08 11:45:28.973,1
p_284,0,N06,2024-08-08 11:45:28.973,1
p_285,0,NULL,2024-08-08 11:45:28.973,1
p_286,0,NULL,2024-08-08 11:45:28.973,1
p_287,0,NULL,2024-08-08 11:45:28.973,1
p_288,0,NULL,2024-08-08 11:45:28.973,1
p_289,0,NULL,2024-08-08 11:45:28.973,1
p_29,0,NULL,2024-08-08 11:45:28.973,1
p_290,0,NULL,2024-08-08 11:45:28.973,1
p_291,0,NULL,2024-08-08 11:45:28.973,1
p_292,0,NULL,2024-08-08 11:45:28.973,1
p_293,0,E64/1,2024-08-08 11:45:28.973,1
p_294,0,M15,2024-08-08 11:45:28.973,1
p_295,0,M16,2024-08-08 11:45:28.973,1
p_296,0,M17,2024-08-08 11:45:28.973,1
p_297,0,M18,2024-08-08 11:45:28.973,1
p_298,0,NULL,2024-08-08 11:45:28.973,1
p_299,0,NULL,2024-08-08 11:45:28.973,1
p_3,0,NULL,2024-08-08 11:45:28.973,1
p_30,0,NULL,2024-08-08 11:45:28.973,1
p_300,0,NULL,2024-08-08 11:45:28.973,1
p_301,0,NULL,2024-08-08 11:45:28.973,1
p_302,0,NULL,2024-08-08 11:45:28.973,1
p_303,0,NULL,2024-08-08 11:45:28.973,1
p_304,0,NULL,2024-08-08 11:45:28.973,1
p_305,0,NULL,2024-08-08 11:45:28.973,1
p_306,0,NULL,2024-08-08 11:45:28.973,1
p_307,0,NULL,2024-08-08 11:45:28.973,1
p_308,0,NULL,2024-08-08 11:45:28.973,1
p_309,0,D25/1,2024-08-08 11:45:28.973,1
p_31,0,NULL,2024-08-08 11:45:28.973,1
p_310,0,NULL,2024-08-08 11:45:28.973,1
p_311,0,NULL,2024-08-08 11:45:28.973,1
p_312,0,NULL,2024-08-08 11:45:28.973,1
p_313,0,NULL,2024-08-08 11:45:28.973,1
p_314,0,NULL,2024-08-08 11:45:28.973,1
p_315,0,NULL,2024-08-08 11:45:28.973,1
p_316,0,NULL,2024-08-08 11:45:28.973,1
p_317,0,NULL,2024-08-08 11:45:28.973,1
p_318,0,NULL,2024-08-08 11:45:28.973,1
p_319,0,NULL,2024-08-08 11:45:28.973,1
p_32,0,NULL,2024-08-08 11:45:28.973,1
p_320,0,NULL,2024-08-08 11:45:28.973,1
p_321,0,NULL,2024-08-08 11:45:28.973,1
p_322,0,NULL,2024-08-08 11:45:28.973,1
p_323,0,NULL,2024-08-08 11:45:28.973,1
p_324,0,NULL,2024-08-08 11:45:28.973,1
p_325,0,NULL,2024-08-08 11:45:28.973,1
p_326,0,NULL,2024-08-08 11:45:28.973,1
p_327,0,NULL,2024-08-08 11:45:28.973,1
p_328,0,NULL,2024-08-08 11:45:28.973,1
p_329,0,NULL,2024-08-08 11:45:28.973,1
p_33,0,NULL,2024-08-08 11:45:28.973,1
p_330,0,NULL,2024-08-08 11:45:28.973,1
p_331,0,NULL,2024-08-08 11:45:28.973,1
p_332,0,NULL,2024-08-08 11:45:28.973,1
p_333,0,NULL,2024-08-08 11:45:28.973,1
p_334,0,NULL,2024-08-08 11:45:28.973,1
p_335,0,NULL,2024-08-08 11:45:28.973,1
p_336,0,NULL,2024-08-08 11:45:28.973,1
p_337,0,NULL,2024-08-08 11:45:28.973,1
p_338,0,NULL,2024-08-08 11:45:28.973,1
p_339,0,NULL,2024-08-08 11:45:28.973,1
p_34,0,NULL,2024-08-08 11:45:28.973,1
p_340,0,NULL,2024-08-08 11:45:28.973,1
p_341,0,NULL,2024-08-08 11:45:28.973,1
p_342,0,NULL,2024-08-08 11:45:28.973,1
p_343,0,NULL,2024-08-08 11:45:28.973,1
p_344,0,NULL,2024-08-08 11:45:28.973,1
p_345,0,NULL,2024-08-08 11:45:28.973,1
p_346,0,NULL,2024-08-08 11:45:28.973,1
p_347,0,NULL,2024-08-08 11:45:28.973,1
p_348,0,NULL,2024-08-08 11:45:28.973,1
p_349,0,NULL,2024-08-08 11:45:28.973,1
p_35,0,NULL,2024-08-08 11:45:28.973,1
p_350,0,NULL,2024-08-08 11:45:28.973,1
p_351,0,NULL,2024-08-08 11:45:28.973,1
p_352,0,NULL,2024-08-08 11:45:28.973,1
p_353,0,NULL,2024-08-08 11:45:28.973,1
p_354,0,NULL,2024-08-08 11:45:28.973,1
p_355,0,NULL,2024-08-08 11:45:28.973,1
p_356,0,NULL,2024-08-08 11:45:28.973,1
p_357,0,NULL,2024-08-08 11:45:28.973,1
p_358,0,NULL,2024-08-08 11:45:28.973,1
p_359,0,NULL,2024-08-08 11:45:28.973,1
p_36,0,NULL,2024-08-08 11:45:28.973,1
p_360,0,NULL,2024-08-08 11:45:28.973,1
p_361,0,NULL,2024-08-08 11:45:28.973,1
p_362,0,NULL,2024-08-08 11:45:28.973,1
p_363,0,NULL,2024-08-08 11:45:28.973,1
p_364,0,NULL,2024-08-08 11:45:28.973,1
p_365,0,NULL,2024-08-08 11:45:28.973,1
p_366,0,NULL,2024-08-08 11:45:28.973,1
p_367,0,NULL,2024-08-08 11:45:28.973,1
p_368,0,NULL,2024-08-08 11:45:28.973,1
p_369,0,NULL,2024-08-08 11:45:28.973,1
p_37,0,NULL,2024-08-08 11:45:28.973,1
p_370,0,NULL,2024-08-08 11:45:28.973,1
p_371,0,NULL,2024-08-08 11:45:28.973,1
p_372,0,NULL,2024-08-08 11:45:28.973,1
p_373,0,NULL,2024-08-08 11:45:28.973,1
p_374,0,NULL,2024-08-08 11:45:28.973,1
p_375,0,NULL,2024-08-08 11:45:28.973,1
p_376,0,NULL,2024-08-08 11:45:28.973,1
p_377,0,NULL,2024-08-08 11:45:28.973,1
p_378,0,NULL,2024-08-08 11:45:28.973,1
p_379,0,NULL,2024-08-08 11:45:28.973,1
p_38,0,NULL,2024-08-08 11:45:28.973,1
p_380,0,NULL,2024-08-08 11:45:28.973,1
p_381,0,NULL,2024-08-08 11:45:28.973,1
p_382,0,NULL,2024-08-08 11:45:28.973,1
p_383,0,NULL,2024-08-08 11:45:28.973,1
p_384,0,NULL,2024-08-08 11:45:28.973,1
p_385,0,NULL,2024-08-08 11:45:28.973,1
p_386,0,NULL,2024-08-08 11:45:28.973,1
p_387,0,NULL,2024-08-08 11:45:28.973,1
p_388,0,NULL,2024-08-08 11:45:28.973,1
p_389,0,NULL,2024-08-08 11:45:28.973,1
p_39,0,NULL,2024-08-08 11:45:28.973,1
p_390,0,NULL,2024-08-08 11:45:28.973,1
p_391,0,NULL,2024-08-08 11:45:28.973,1
p_392,0,NULL,2024-08-08 11:45:28.973,1
p_393,0,NULL,2024-08-08 11:45:28.973,1
p_394,0,NULL,2024-08-08 11:45:28.973,1
p_395,0,NULL,2024-08-08 11:45:28.973,1
p_396,0,NULL,2024-08-08 11:45:28.973,1
p_397,0,NULL,2024-08-08 11:45:28.973,1
p_398,0,NULL,2024-08-08 11:45:28.973,1
p_399,0,NULL,2024-08-08 11:45:28.973,1
p_4,0,NULL,2024-08-08 11:45:28.973,1
p_40,0,NULL,2024-08-08 11:45:28.973,1
p_400,0,NULL,2024-08-08 11:45:28.973,1
p_401,0,NULL,2024-08-08 11:45:28.973,1
p_402,0,NULL,2024-08-08 11:45:28.973,1
p_403,0,NULL,2024-08-08 11:45:28.973,1
p_404,0,NULL,2024-08-08 11:45:28.973,1
p_405,0,NULL,2024-08-08 11:45:28.973,1
p_406,0,NULL,2024-08-08 11:45:28.973,1
p_407,0,NULL,2024-08-08 11:45:28.973,1
p_408,0,NULL,2024-08-08 11:45:28.973,1
p_409,0,NULL,2024-08-08 11:45:28.973,1
p_41,0,NULL,2024-08-08 11:45:28.973,1
p_410,0,NULL,2024-08-08 11:45:28.973,1
p_411,0,NULL,2024-08-08 11:45:28.973,1
p_412,0,NULL,2024-08-08 11:45:28.973,1
p_413,0,NULL,2024-08-08 11:45:28.973,1
p_414,0,NULL,2024-08-08 11:45:28.973,1
p_415,0,NULL,2024-08-08 11:45:28.973,1
p_416,0,NULL,2024-08-08 11:45:28.973,1
p_417,0,NULL,2024-08-08 11:45:28.973,1
p_418,0,NULL,2024-08-08 11:45:28.973,1
p_419,0,NULL,2024-08-08 11:45:28.973,1
p_42,0,NULL,2024-08-08 11:45:28.973,1
p_420,0,NULL,2024-08-08 11:45:28.973,1
p_421,0,NULL,2024-08-08 11:45:28.973,1
p_422,0,NULL,2024-08-08 11:45:28.973,1
p_423,0,NULL,2024-08-08 11:45:28.973,1
p_424,0,NULL,2024-08-08 11:45:28.973,1
p_425,0,NULL,2024-08-08 11:45:28.973,1
p_426,0,NULL,2024-08-08 11:45:28.973,1
p_427,0,NULL,2024-08-08 11:45:28.973,1
p_428,0,NULL,2024-08-08 11:45:28.973,1
p_429,0,NULL,2024-08-08 11:45:28.973,1
p_43,0,NULL,2024-08-08 11:45:28.973,1
p_430,0,NULL,2024-08-08 11:45:28.973,1
p_431,0,NULL,2024-08-08 11:45:28.973,1
p_432,0,NULL,2024-08-08 11:45:28.973,1
p_433,0,NULL,2024-08-08 11:45:28.973,1
p_434,0,NULL,2024-08-08 11:45:28.973,1
p_435,0,NULL,2024-08-08 11:45:28.973,1
p_436,0,NULL,2024-08-08 11:45:28.973,1
p_437,0,NULL,2024-08-08 11:45:28.973,1
p_438,0,NULL,2024-08-08 11:45:28.973,1
p_439,0,NULL,2024-08-08 11:45:28.973,1
p_44,0,NULL,2024-08-08 11:45:28.973,1
p_440,0,NULL,2024-08-08 11:45:28.973,1
p_441,0,NULL,2024-08-08 11:45:28.973,1
p_442,0,NULL,2024-08-08 11:45:28.973,1
p_443,0,NULL,2024-08-08 11:45:28.973,1
p_444,0,NULL,2024-08-08 11:45:28.973,1
p_445,0,NULL,2024-08-08 11:45:28.973,1
p_446,0,NULL,2024-08-08 11:45:28.973,1
p_447,0,NULL,2024-08-08 11:45:28.973,1
p_448,0,NULL,2024-08-08 11:45:28.973,1
p_449,0,NULL,2024-08-08 11:45:28.973,1
p_45,0,NULL,2024-08-08 11:45:28.973,1
p_450,0,NULL,2024-08-08 11:45:28.973,1
p_451,0,NULL,2024-08-08 11:45:28.973,1
p_452,0,NULL,2024-08-08 11:45:28.973,1
p_453,0,NULL,2024-08-08 11:45:28.973,1
p_454,0,NULL,2024-08-08 11:45:28.973,1
p_455,0,NULL,2024-08-08 11:45:28.973,1
p_456,0,NULL,2024-08-08 11:45:28.973,1
p_457,0,NULL,2024-08-08 11:45:28.973,1
p_458,0,NULL,2024-08-08 11:45:28.973,1
p_459,0,NULL,2024-08-08 11:45:28.973,1
p_46,0,NULL,2024-08-08 11:45:28.973,1
p_460,0,NULL,2024-08-08 11:45:28.973,1
p_461,0,NULL,2024-08-08 11:45:28.973,1
p_462,0,NULL,2024-08-08 11:45:28.973,1
p_463,0,NULL,2024-08-08 11:45:28.973,1
p_464,0,NULL,2024-08-08 11:45:28.973,1
p_465,0,H12,2024-08-08 11:45:28.973,1
p_466,0,C25/1,2024-08-08 11:45:28.973,1
p_467,0,K02,2024-08-08 11:45:28.973,1
p_468,0,K03,2024-08-08 11:45:28.973,1
p_469,0,K04,2024-08-08 11:45:28.973,1
p_47,0,K06,2024-08-08 11:45:28.973,1
p_470,0,K12,2024-08-08 11:45:28.973,1
p_471,0,K11,2024-08-08 11:45:28.973,1
p_472,0,K10,2024-08-08 11:45:28.973,1
p_473,0,K09,2024-08-08 11:45:28.973,1
p_474,0,D14/1,2024-08-08 11:45:28.973,1
p_475,0,B33/2,2024-08-08 11:45:28.973,1
p_476,0,F25/1,2024-08-08 11:45:28.973,1
p_477,0,E62/1,2024-08-08 11:45:28.973,1
p_478,0,E13/1,2024-08-08 11:45:28.973,1
p_479,0,B21/2,2024-08-08 11:45:28.973,1
p_48,0,L2,2024-08-08 11:45:28.973,1
p_480,0,L1,2024-08-08 11:45:28.973,1
p_481,0,T3,2024-08-08 11:45:28.973,1
p_482,0,C23/1,2024-08-08 11:45:28.973,1
p_483,0,C42/1,2024-08-08 11:45:28.973,1
p_484,0,C24/2,2024-08-08 11:45:28.973,1
p_485,0,A12/2,2024-08-08 11:45:28.973,1
p_486,0,C43/2,2024-08-08 11:45:28.973,1
p_487,0,C21/2,2024-08-08 11:45:28.973,1
p_488,0,A52/1,2024-08-08 11:45:28.973,1
p_489,0,B61/1,2024-08-08 11:45:28.973,1
p_49,0,F24/1,2024-08-08 11:45:28.973,1
p_490,0,B32/1,2024-08-08 11:45:28.973,1
p_491,0,E43/1,2024-08-08 11:45:28.973,1
p_492,0,E43/2,2024-08-08 11:45:28.973,1
p_493,0,A65/2,2024-08-08 11:45:28.973,1
p_494,0,B54/1,2024-08-08 11:45:28.973,1
p_495,0,B15/1,2024-08-08 11:45:28.973,1
p_496,0,D32/1,2024-08-08 11:45:28.973,1
p_497,0,B25/2,2024-08-08 11:45:28.973,1
p_498,0,B25/2,2024-08-08 11:45:28.973,1
p_499,0,E43/2,2024-08-08 11:45:28.973,1
p_5,0,E43/1,2024-08-08 11:45:28.973,1
p_50,0,D32/2,2024-08-08 11:45:28.973,1
p_500,0,B23/2,2024-08-08 11:45:28.973,1
p_501,0,B12/2,2024-08-08 11:45:28.973,1
p_502,0,B11/2,2024-08-08 11:45:28.973,1
p_503,0,B11/1,2024-08-08 11:45:28.973,1
p_504,0,C52/2,2024-08-08 11:45:28.973,1
p_505,0,C51/1,2024-08-08 11:45:28.973,1
p_506,0,E61/2,2024-08-08 11:45:28.973,1
p_507,0,C34/1,2024-08-08 11:45:28.973,1
p_508,0,B14/2,2024-08-08 11:45:28.973,1
p_509,0,B13/1,2024-08-08 11:45:28.973,1
p_51,0,C33/2,2024-08-08 11:45:28.973,1
p_510,0,E25/1,2024-08-08 11:45:28.973,1
p_511,0,E13/2,2024-08-08 11:45:28.973,1
p_512,0,B22/2,2024-08-08 11:45:28.973,1
p_513,0,E63/1,2024-08-08 11:45:28.973,1
p_514,0,D12/1,2024-08-08 11:45:28.973,1
p_515,0,F34/1,2024-08-08 11:45:28.973,1
p_516,0,A25/2,2024-08-08 11:45:28.973,1
p_517,0,C35/1,2024-08-08 11:45:28.973,1
p_518,0,C15/1,2024-08-08 11:45:28.973,1
p_519,0,B12/1,2024-08-08 11:45:28.973,1
p_52,0,D45/1,2024-08-08 11:45:28.973,1
p_520,0,A13/1,2024-08-08 11:45:28.973,1
p_521,0,A34/2,2024-08-08 11:45:28.973,1
p_522,0,B64/1,2024-08-08 11:45:28.973,1
p_523,0,F65/1,2024-08-08 11:45:28.973,1
p_524,0,A54/2,2024-08-08 11:45:28.973,1
p_525,0,F65/1,2024-08-08 11:45:28.973,1
p_526,0,D24/1,2024-08-08 11:45:28.973,1
p_527,0,C32/2,2024-08-08 11:45:28.973,1
p_528,0,A65/1,2024-08-08 11:45:28.973,1
p_529,0,E45/1,2024-08-08 11:45:28.973,1
p_53,0,D54/2,2024-08-08 11:45:28.973,1
p_530,0,A45/2,2024-08-08 11:45:28.973,1
p_531,0,E22/1,2024-08-08 11:45:28.973,1
p_532,0,C23/1,2024-08-08 11:45:28.973,1
p_533,0,F24/2,2024-08-08 11:45:28.973,1
p_534,0,D54/2,2024-08-08 11:45:28.973,1
p_535,0,E53/2,2024-08-08 11:45:28.973,1
p_536,0,B52/1,2024-08-08 11:45:28.973,1
p_537,0,C13/1,2024-08-08 11:45:28.973,1
p_538,0,B15/2,2024-08-08 11:45:28.973,1
p_539,0,A62/1,2024-08-08 11:45:28.973,1
p_54,0,A53/2,2024-08-08 11:45:28.973,1
p_540,0,A54/1,2024-08-08 11:45:28.973,1
p_541,0,A43/2,2024-08-08 11:45:28.973,1
p_542,0,D45/2,2024-08-08 11:45:28.973,1
p_543,0,D41/2,2024-08-08 11:45:28.973,1
p_544,0,E32/1,2024-08-08 11:45:28.973,1
p_545,0,F55/1,2024-08-08 11:45:28.973,1
p_546,0,C42/1,2024-08-08 11:45:28.973,1
p_547,0,B23/2,2024-08-08 11:45:28.973,1
